True_Label,CNN_Probability,RF_Probability,Ensemble_Probability,Predicted_Label,Alert_Level
0,0.62429917,0.12,0.24607479214668274,0,⚠️ Low-Risk Anomaly
0,0.032055553,0.0,0.008013888262212276,0,✅ Normal
0,0.037535112,0.01,0.01688377808779478,0,✅ Normal
0,0.0067581125,0.0,0.001689528115093708,0,✅ Normal
0,0.49410173,0.0,0.12352543324232101,0,✅ Normal
0,0.07518569,0.0,0.018796421587467194,0,✅ Normal
0,0.17710288,0.0,0.04427571967244148,0,✅ Normal
0,0.028594924,0.0,0.007148731034249067,0,✅ Normal
0,0.01179147,0.0,0.002947867615148425,0,✅ Normal
0,0.43786925,0.0,0.10946731269359589,0,✅ Normal
0,0.010731148,0.0,0.002682786900550127,0,✅ Normal
0,0.07217178,0.0,0.018042944371700287,0,✅ Normal
0,0.024998147,0.0,0.006249536760151386,0,✅ Normal
0,0.02063011,0.0,0.0051575275138020515,0,✅ Normal
0,0.011092489,0.0,0.002773122163489461,0,✅ Normal
0,0.028895294,0.0,0.007223823573440313,0,✅ Normal
0,0.021616664,0.0,0.00540416594594717,0,✅ Normal
1,0.33071858,0.16,0.2026796442270279,0,⚠️ Low-Risk Anomaly
0,0.011703517,0.0,0.0029258793219923973,0,✅ Normal
0,0.014366669,0.0,0.0035916671622544527,0,✅ Normal
0,0.01639322,0.0,0.0040983050130307674,0,✅ Normal
1,0.8335269,0.99,0.9508817273378372,1,🚨 Critical Alert
0,0.23585947,0.0,0.058964867144823074,0,✅ Normal
0,0.041517757,0.0,0.01037943921983242,0,✅ Normal
0,0.1617976,0.0,0.04044939950108528,0,✅ Normal
0,0.02473348,0.0,0.006183370016515255,0,✅ Normal
0,0.012955549,0.0,0.00323888729326427,0,✅ Normal
0,0.009259479,0.0,0.0023148697800934315,0,✅ Normal
0,0.019645257,0.0,0.004911314230412245,0,✅ Normal
0,0.028449541,0.0,0.007112385239452124,0,✅ Normal
0,0.012722433,0.0,0.0031806081533432007,0,✅ Normal
0,0.05671728,0.0,0.014179320074617863,0,✅ Normal
0,0.006528537,0.0,0.001632134197279811,0,✅ Normal
0,0.035316385,0.0,0.008829096332192421,0,✅ Normal
0,0.012495906,0.0,0.0031239765230566263,0,✅ Normal
0,0.011683415,0.04,0.03292085367254913,0,✅ Normal
0,0.025355093,0.0,0.0063387732952833176,0,✅ Normal
0,0.01591031,0.0,0.003977577667683363,0,✅ Normal
0,0.03059102,0.0,0.007647755090147257,0,✅ Normal
0,0.029254692,0.0,0.007313672918826342,0,✅ Normal
1,0.7601314,0.82,0.8050328546762466,1,🔴 High Risk
0,0.27710527,0.02,0.08427631795406341,0,✅ Normal
0,0.030039098,0.0,0.007509774528443813,0,✅ Normal
1,0.65805286,0.98,0.8995132154226303,1,🔴 High Risk
0,0.013555556,0.0,0.0033888889010995626,0,✅ Normal
0,0.031982634,0.0,0.007995658554136753,0,✅ Normal
0,0.09886316,0.0,0.024715790525078773,0,✅ Normal
0,0.008511167,0.0,0.002127791754901409,0,✅ Normal
0,0.02432259,0.0,0.006080647464841604,0,✅ Normal
0,0.051051036,0.01,0.020262758880853653,0,✅ Normal
0,0.015442332,0.0,0.0038605830632150173,0,✅ Normal
0,0.13769469,0.02,0.049423671662807464,0,✅ Normal
0,0.04849422,0.0,0.012123554944992065,0,✅ Normal
0,0.024588546,0.0,0.0061471364460885525,0,✅ Normal
0,0.017386088,0.0,0.004346522036939859,0,✅ Normal
0,0.0071183885,0.0,0.0017795971361920238,0,✅ Normal
0,0.020145101,0.0,0.005036275368183851,0,✅ Normal
0,0.0076876148,0.0,0.0019219036912545562,0,✅ Normal
0,0.019570798,0.0,0.004892699420452118,0,✅ Normal
0,0.018194739,0.0,0.004548684693872929,0,✅ Normal
0,0.010102292,0.0,0.0025255728978663683,0,✅ Normal
0,0.024827223,0.0,0.006206805817782879,0,✅ Normal
0,0.008660002,0.0,0.002165000420063734,0,✅ Normal
0,0.0095864255,0.0,0.0023966063745319843,0,✅ Normal
1,0.119512126,0.86,0.674878031462431,1,🔶 Medium Risk
1,0.5854237,0.58,0.581355926990509,1,🔶 Medium Risk
0,0.011636613,0.0,0.0029091532342135906,0,✅ Normal
0,0.017143559,0.0,0.004285889677703381,0,✅ Normal
0,0.025254747,0.0,0.006313686724752188,0,✅ Normal
0,0.010415163,0.0,0.0026037907227873802,0,✅ Normal
0,0.01821142,0.0,0.004552855156362057,0,✅ Normal
0,0.021594862,0.0,0.005398715380579233,0,✅ Normal
0,0.012697099,0.0,0.003174274694174528,0,✅ Normal
0,0.029063104,0.0,0.007265775930136442,0,✅ Normal
0,0.026424414,0.0,0.006606103386729956,0,✅ Normal
0,0.00883082,0.0,0.0022077050525695086,0,✅ Normal
0,0.021031087,0.0,0.0052577718161046505,0,✅ Normal
0,0.016053773,0.02,0.019013443365693092,0,✅ Normal
0,0.02461197,0.04,0.036152992602437733,0,✅ Normal
0,0.022604393,0.0,0.00565109821036458,0,✅ Normal
0,0.0901651,0.16,0.14254127524793148,0,✅ Normal
0,0.14883138,0.0,0.037207845598459244,0,✅ Normal
0,0.009502901,0.0,0.0023757251910865307,0,✅ Normal
0,0.010564047,0.0,0.0026410117279738188,0,✅ Normal
0,0.12843521,0.0,0.03210880234837532,0,✅ Normal
0,0.047343794,0.0,0.011835948564112186,0,✅ Normal
0,0.0069484366,0.0,0.0017371091526001692,0,✅ Normal
0,0.030550102,0.0,0.0076375254429876804,0,✅ Normal
0,0.14915173,0.17,0.16478793188929558,0,✅ Normal
0,0.082546376,0.0,0.02063659392297268,0,✅ Normal
0,0.035243105,0.14,0.11381077628582717,0,✅ Normal
0,0.019211901,0.0,0.004802975337952375,0,✅ Normal
0,0.04093301,0.0,0.010233252309262753,0,✅ Normal
0,0.025301343,0.0,0.006325335707515478,0,✅ Normal
0,0.0068614543,0.0,0.0017153635853901505,0,✅ Normal
0,0.039204113,0.0,0.009801028296351433,0,✅ Normal
0,0.2722748,0.59,0.5105686980485916,1,🔶 Medium Risk
1,0.1010956,0.22,0.1902739004790783,0,✅ Normal
0,0.034582835,0.0,0.008645708672702312,0,✅ Normal
0,0.047280364,0.0,0.011820090934634209,0,✅ Normal
0,0.02052987,0.0,0.005132467485964298,0,✅ Normal
0,0.04604732,0.12,0.1015118296816945,0,✅ Normal
0,0.032742772,0.0,0.008185693062841892,0,✅ Normal
0,0.05951007,0.0,0.014877517707645893,0,✅ Normal
0,0.012325171,0.0,0.0030812928453087807,0,✅ Normal
0,0.035525113,0.0,0.008881278336048126,0,✅ Normal
0,0.04410646,0.0,0.011026615276932716,0,✅ Normal
0,0.103482656,0.0,0.025870664045214653,0,✅ Normal
0,0.015872182,0.0,0.0039680455811321735,0,✅ Normal
0,0.02060972,0.02,0.020152429919689893,0,✅ Normal
0,0.014075739,0.0,0.003518934827297926,0,✅ Normal
0,0.009980738,0.0,0.002495184540748596,0,✅ Normal
0,0.015697533,0.0,0.003924383316189051,0,✅ Normal
0,0.054296587,0.0,0.013574146665632725,0,✅ Normal
0,0.015371454,0.19,0.14634286348707976,0,✅ Normal
0,0.045374684,0.0,0.011343671008944511,0,✅ Normal
0,0.065881595,0.0,0.016470398753881454,0,✅ Normal
0,0.019432815,0.0,0.004858203697949648,0,✅ Normal
0,0.027850363,0.0,0.006962590850889683,0,✅ Normal
0,0.038281392,0.0,0.00957034807652235,0,✅ Normal
0,0.016270468,0.0,0.004067617002874613,0,✅ Normal
1,0.039387077,0.0,0.009846769273281097,0,✅ Normal
0,0.4217997,0.01,0.11294992238283158,0,✅ Normal
0,0.007246256,0.0,0.0018115639686584473,0,✅ Normal
0,0.010713541,0.0,0.0026783852372318506,0,✅ Normal
0,0.01212066,0.0,0.00303016509860754,0,✅ Normal
0,0.010390422,0.0,0.002597605576738715,0,✅ Normal
1,0.14800113,0.49,0.40450028359889983,1,🔶 Medium Risk
0,0.0341262,0.0,0.008531549945473671,0,✅ Normal
0,0.01473314,0.0,0.003683285089209676,0,✅ Normal
0,0.00990176,0.0,0.0024754400365054607,0,✅ Normal
0,0.047280345,0.04,0.041820086278021334,0,✅ Normal
0,0.026479231,0.0,0.0066198077984154224,0,✅ Normal
0,0.031214613,0.0,0.007803653366863728,0,✅ Normal
0,0.013593385,0.0,0.003398346249014139,0,✅ Normal
0,0.0074191005,0.0,0.0018547751242294908,0,✅ Normal
0,0.01898979,0.0,0.004747447557747364,0,✅ Normal
0,0.022631353,0.03,0.02815783819183707,0,✅ Normal
0,0.018631812,0.0,0.004657953046262264,0,✅ Normal
0,0.0124729965,0.0,0.0031182491220533848,0,✅ Normal
0,0.013579397,0.0,0.0033948493655771017,0,✅ Normal
0,0.012064317,0.0,0.0030160793103277683,0,✅ Normal
0,0.009564358,0.01,0.009891089452430606,0,✅ Normal
0,0.00813249,0.0,0.002033122582361102,0,✅ Normal
1,0.03307544,0.05,0.04576886016875506,0,✅ Normal
0,0.01406604,0.08,0.06351650989614427,0,✅ Normal
0,0.047945034,0.0,0.011986258439719677,0,✅ Normal
0,0.096173614,0.0,0.024043403565883636,0,✅ Normal
0,0.009651429,0.0,0.0024128572549670935,0,✅ Normal
0,0.007709321,0.0,0.001927330275066197,0,✅ Normal
0,0.0138004385,0.0,0.0034501096233725548,0,✅ Normal
0,0.016255135,0.0,0.0040637836791574955,0,✅ Normal
0,0.020807905,0.0,0.005201976280659437,0,✅ Normal
0,0.01363815,0.0,0.003409537486732006,0,✅ Normal
0,0.7656662,0.29,0.4089165467023849,1,🔶 Medium Risk
0,0.029894782,0.0,0.007473695557564497,0,✅ Normal
0,0.01143707,0.0,0.0028592674061656,0,✅ Normal
0,0.009255858,0.0,0.0023139645345509052,0,✅ Normal
0,0.058900863,0.0,0.0147252157330513,0,✅ Normal
1,0.78070396,0.84,0.8251759904623032,1,🔴 High Risk
0,0.04227516,0.0,0.010568790137767792,0,✅ Normal
0,0.015280503,0.0,0.00382012571208179,0,✅ Normal
0,0.023695907,0.0,0.00592397665604949,0,✅ Normal
0,0.012764018,0.0,0.0031910045072436333,0,✅ Normal
0,0.026103903,0.0,0.006525975652039051,0,✅ Normal
0,0.043599445,0.0,0.010899861343204975,0,✅ Normal
0,0.01828596,0.0,0.004571489989757538,0,✅ Normal
0,0.011254712,0.0,0.002813678001984954,0,✅ Normal
0,0.021534732,0.0,0.005383682902902365,0,✅ Normal
0,0.034542017,0.0,0.00863550417125225,0,✅ Normal
0,0.014156226,0.0,0.0035390565171837807,0,✅ Normal
0,0.10598327,0.0,0.02649581804871559,0,✅ Normal
0,0.0076729697,0.0,0.001918242429383099,0,✅ Normal
0,0.034868862,0.11,0.09121721561998129,0,✅ Normal
0,0.019134818,0.0,0.004783704411238432,0,✅ Normal
0,0.015590422,0.0,0.003897605463862419,0,✅ Normal
0,0.007785102,0.0,0.0019462754717096686,0,✅ Normal
0,0.016519917,0.0,0.00412997929379344,0,✅ Normal
0,0.1509406,0.0,0.03773514926433563,0,✅ Normal
0,0.017841943,0.0,0.004460485652089119,0,✅ Normal
0,0.0339328,0.0,0.008483200334012508,0,✅ Normal
0,0.012108334,0.0,0.003027083585038781,0,✅ Normal
0,0.04678411,0.0,0.011696027591824532,0,✅ Normal
0,0.0154918255,0.0,0.003872956382110715,0,✅ Normal
0,0.009205803,0.0,0.0023014508187770844,0,✅ Normal
0,0.17597711,0.0,0.04399427771568298,0,✅ Normal
0,0.010257385,0.0,0.002564346184954047,0,✅ Normal
0,0.13502245,0.0,0.03375561162829399,0,✅ Normal
0,0.0628902,0.0,0.015722550451755524,0,✅ Normal
0,0.029896023,0.18,0.14247400568798185,0,✅ Normal
0,0.011342657,0.0,0.002835664199665189,0,✅ Normal
0,0.041044075,0.0,0.010261018760502338,0,✅ Normal
0,0.041819178,0.05,0.047954794391989713,0,✅ Normal
0,0.009498463,0.0,0.00237461575306952,0,✅ Normal
0,0.0077370205,0.0,0.0019342551240697503,0,✅ Normal
0,0.018412951,0.0,0.004603237845003605,0,✅ Normal
0,0.010933429,0.0,0.00273335725069046,0,✅ Normal
0,0.014792259,0.0,0.003698064712807536,0,✅ Normal
0,0.013457927,0.01,0.010864481730386615,0,✅ Normal
0,0.018414116,0.0,0.004603528883308172,0,✅ Normal
0,0.5330907,0.13,0.2307726776599884,0,⚠️ Low-Risk Anomaly
0,0.25077856,0.03,0.08519463896751403,0,✅ Normal
0,0.015620111,0.0,0.003905027639120817,0,✅ Normal
0,0.017433489,0.02,0.019358372185379266,0,✅ Normal
0,0.08693685,0.0,0.02173421159386635,0,✅ Normal
0,0.011422753,0.0,0.0028556883335113525,0,✅ Normal
0,0.011213991,0.03,0.02530349771492183,0,✅ Normal
0,0.022337113,0.0,0.005584278143942356,0,✅ Normal
0,0.014886694,0.0,0.003721673507243395,0,✅ Normal
0,0.01874771,0.0,0.004686927422881126,0,✅ Normal
0,0.025002025,0.0,0.006250506266951561,0,✅ Normal
0,0.03658643,0.0,0.009146607480943203,0,✅ Normal
0,0.0093681,0.0,0.002342025050893426,0,✅ Normal
0,0.006862156,0.0,0.0017155390232801437,0,✅ Normal
0,0.038030714,0.0,0.0095076784491539,0,✅ Normal
0,0.030396052,0.0,0.007599012926220894,0,✅ Normal
0,0.06617228,0.11,0.0990430698543787,0,✅ Normal
0,0.026871607,0.0,0.006717901676893234,0,✅ Normal
0,0.07576703,0.03,0.04144175820052624,0,✅ Normal
0,0.015772121,0.0,0.003943030256778002,0,✅ Normal
0,0.019193256,0.0,0.004798314068466425,0,✅ Normal
0,0.015429254,0.01,0.011357313422486186,0,✅ Normal
1,0.03471209,0.55,0.4211780227720738,1,🔶 Medium Risk
0,0.019009031,0.0,0.004752257838845253,0,✅ Normal
0,0.01345464,0.0,0.0033636600710451603,0,✅ Normal
0,0.0124144275,0.0,0.0031036068685352802,0,✅ Normal
0,0.04398289,0.0,0.010995722375810146,0,✅ Normal
0,0.0231028,0.0,0.005775699857622385,0,✅ Normal
0,0.013418554,0.0,0.003354638582095504,0,✅ Normal
0,0.014528193,0.0,0.0036320481449365616,0,✅ Normal
0,0.03577716,0.0,0.00894428975880146,0,✅ Normal
0,0.05976366,0.0,0.014940914697945118,0,✅ Normal
0,0.012944134,0.0,0.0032360334880650043,0,✅ Normal
0,0.041869365,0.0,0.010467341169714928,0,✅ Normal
0,0.010382287,0.0,0.0025955718010663986,0,✅ Normal
0,0.04283187,0.0,0.010707967914640903,0,✅ Normal
0,0.010047259,0.0,0.0025118147023022175,0,✅ Normal
0,0.023300624,0.0,0.005825155880302191,0,✅ Normal
0,0.011841694,0.12,0.09296042347326874,0,✅ Normal
0,0.05059644,0.0,0.012649109587073326,0,✅ Normal
0,0.019844988,0.0,0.004961247090250254,0,✅ Normal
0,0.0256431,0.0,0.006410774774849415,0,✅ Normal
0,0.009179554,0.0,0.0022948884870857,0,✅ Normal
0,0.022798738,0.0,0.005699684377759695,0,✅ Normal
0,0.0074682,0.0,0.0018670499557629228,0,✅ Normal
0,0.027627602,0.0,0.006906900554895401,0,✅ Normal
0,0.34418947,0.0,0.08604736626148224,0,✅ Normal
0,0.018540597,0.0,0.004635149147361517,0,✅ Normal
0,0.018753966,0.02,0.019688491579145193,0,✅ Normal
0,0.015034972,0.0,0.0037587429396808147,0,✅ Normal
0,0.045917533,0.0,0.011479383334517479,0,✅ Normal
0,0.00892935,0.0,0.0022323376033455133,0,✅ Normal
0,0.15835354,0.03,0.062088384330272674,0,✅ Normal
0,0.009815572,0.0,0.002453892957419157,0,✅ Normal
0,0.010924109,0.08,0.06273102731443941,0,✅ Normal
0,0.0127698835,0.0,0.0031924708746373653,0,✅ Normal
0,0.11955298,0.0,0.029888244345784187,0,✅ Normal
0,0.015987933,0.0,0.003996983170509338,0,✅ Normal
0,0.10271239,0.0,0.02567809820175171,0,✅ Normal
0,0.009838651,0.0,0.0024596627335995436,0,✅ Normal
0,0.008268316,0.0,0.0020670790690928698,0,✅ Normal
0,0.018225042,0.0,0.004556260537356138,0,✅ Normal
0,0.010861785,0.0,0.002715446287766099,0,✅ Normal
0,0.024937019,0.0,0.006234254688024521,0,✅ Normal
0,0.010428372,0.0,0.002607092959806323,0,✅ Normal
0,0.008694563,0.0,0.002173640765249729,0,✅ Normal
0,0.023400508,0.0,0.005850126966834068,0,✅ Normal
0,0.007709949,0.0,0.0019274872029200196,0,✅ Normal
0,0.033639435,0.0,0.00840985868126154,0,✅ Normal
0,0.044672996,0.0,0.011168248951435089,0,✅ Normal
0,0.026278256,0.0,0.006569563876837492,0,✅ Normal
0,0.18454193,0.0,0.04613548144698143,0,✅ Normal
0,0.008333981,0.0,0.002083495259284973,0,✅ Normal
0,0.019326631,0.0,0.004831657744944096,0,✅ Normal
0,0.011612589,0.0,0.0029031471349298954,0,✅ Normal
0,0.13719232,0.0,0.03429808095097542,0,✅ Normal
0,0.010318535,0.0,0.0025796338450163603,0,✅ Normal
0,0.025140679,0.0,0.006285169627517462,0,✅ Normal
0,0.02866409,0.0,0.007166022434830666,0,✅ Normal
0,0.074400306,0.0,0.01860007643699646,0,✅ Normal
0,0.007501143,0.0,0.0018752857577055693,0,✅ Normal
0,0.023824796,0.0,0.005956199020147324,0,✅ Normal
0,0.09869939,0.0,0.024674847722053528,0,✅ Normal
0,0.010823133,0.0,0.002705783350393176,0,✅ Normal
0,0.017850854,0.02,0.0194627133756876,0,✅ Normal
0,0.0103112925,0.0,0.002577823121100664,0,✅ Normal
0,0.012699842,0.0,0.0031749606132507324,0,✅ Normal
0,0.15136364,0.0,0.037840910255908966,0,✅ Normal
0,0.16864176,0.01,0.04966044023633003,0,✅ Normal
0,0.14439972,0.0,0.03609992936253548,0,✅ Normal
0,0.011343085,0.0,0.0028357713017612696,0,✅ Normal
0,0.028171604,0.0,0.007042901124805212,0,✅ Normal
0,0.016063357,0.01,0.01151583919301629,0,✅ Normal
0,0.012318179,0.0,0.0030795447528362274,0,✅ Normal
0,0.012667568,0.0,0.0031668921001255512,0,✅ Normal
0,0.03899453,0.0,0.009748632088303566,0,✅ Normal
0,0.023539815,0.0,0.005884953774511814,0,✅ Normal
0,0.044923674,0.0,0.01123091857880354,0,✅ Normal
0,0.022702051,0.0,0.005675512831658125,0,✅ Normal
0,0.0076509085,0.0,0.0019127271370962262,0,✅ Normal
0,0.007516377,0.0,0.0018790942849591374,0,✅ Normal
0,0.029840084,0.41,0.3149600209482014,0,⚠️ Low-Risk Anomaly
0,0.012939278,0.03,0.025734819509088992,0,✅ Normal
0,0.006325361,0.03,0.024081340213306247,0,✅ Normal
0,0.007191786,0.01,0.009297946519218385,0,✅ Normal
0,0.007109941,0.0,0.0017774852458387613,0,✅ Normal
0,0.057829425,0.0,0.014457356184720993,0,✅ Normal
0,0.09259779,0.0,0.02314944751560688,0,✅ Normal
0,0.008942421,0.0,0.0022356051485985518,0,✅ Normal
0,0.014272023,0.03,0.026068005748093127,0,✅ Normal
0,0.009379104,0.0,0.0023447759449481964,0,✅ Normal
0,0.013565455,0.0,0.0033913636580109596,0,✅ Normal
0,0.024484072,0.0,0.006121017970144749,0,✅ Normal
0,0.07439167,0.0,0.0185979176312685,0,✅ Normal
0,0.012272229,0.0,0.003068057354539633,0,✅ Normal
0,0.10406225,0.02,0.04101556293666363,0,✅ Normal
0,0.009593618,0.0,0.002398404525592923,0,✅ Normal
0,0.02599599,0.0,0.006498997565358877,0,✅ Normal
0,0.019467631,0.0,0.004866907838732004,0,✅ Normal
0,0.21808542,0.04,0.0845213557779789,0,✅ Normal
0,0.023671933,0.0,0.005917983129620552,0,✅ Normal
0,0.016129512,0.0,0.0040323780849576,0,✅ Normal
0,0.012229922,0.0,0.0030574805568903685,0,✅ Normal
0,0.031296548,0.0,0.00782413687556982,0,✅ Normal
0,0.061145637,0.0,0.015286409296095371,0,✅ Normal
0,0.046723068,0.01,0.019180766940116882,0,✅ Normal
0,0.01868692,0.0,0.004671730101108551,0,✅ Normal
0,0.017025363,0.01,0.01175634067505598,0,✅ Normal
0,0.070116505,0.02,0.03252912625670433,0,✅ Normal
0,0.009236621,0.0,0.002309155184775591,0,✅ Normal
0,0.00862247,0.0,0.0021556175779551268,0,✅ Normal
0,0.010636783,0.0,0.002659195801243186,0,✅ Normal
0,0.05652072,0.0,0.014130179770290852,0,✅ Normal
0,0.013995202,0.0,0.003498800564557314,0,✅ Normal
0,0.22316101,0.0,0.0557902529835701,0,✅ Normal
0,0.05414012,0.02,0.0285350301861763,0,✅ Normal
0,0.030812124,0.0,0.007703030947595835,0,✅ Normal
0,0.08523694,0.14,0.12630923420190812,0,✅ Normal
0,0.007267785,0.0,0.001816946198232472,0,✅ Normal
0,0.05014316,0.01,0.020035789981484413,0,✅ Normal
0,0.009085046,0.0,0.0022712615318596363,0,✅ Normal
0,0.006945113,0.0,0.0017362782964482903,0,✅ Normal
1,0.73146653,0.49,0.550366632938385,1,🔶 Medium Risk
0,0.026911853,0.0,0.006727963220328093,0,✅ Normal
0,0.042974003,0.0,0.010743500664830208,0,✅ Normal
0,0.0153608825,0.0,0.0038402206264436245,0,✅ Normal
1,0.13683131,0.45,0.3717078283429146,1,⚠️ Low-Risk Anomaly
0,0.084282964,0.0,0.02107074111700058,0,✅ Normal
0,0.06889514,0.03,0.03972378470003605,0,✅ Normal
0,0.0064925067,0.0,0.0016231266781687737,0,✅ Normal
0,0.04310828,0.0,0.010777070187032223,0,✅ Normal
0,0.040433317,0.0,0.010108329355716705,0,✅ Normal
0,0.06495961,0.01,0.02373990200459957,0,✅ Normal
0,0.089033276,0.0,0.022258318960666656,0,✅ Normal
0,0.08048567,0.0,0.020121417939662933,0,✅ Normal
0,0.02839217,0.0,0.007098042406141758,0,✅ Normal
0,0.017881293,0.0,0.004470323212444782,0,✅ Normal
0,0.088128835,0.01,0.029532208740711212,0,✅ Normal
0,0.08376255,0.0,0.020940637215971947,0,✅ Normal
0,0.093323134,0.01,0.03083078347146511,0,✅ Normal
0,0.040139154,0.01,0.01753478839993477,0,✅ Normal
0,0.046874028,0.0,0.011718506924808025,0,✅ Normal
0,0.084536426,0.0,0.021134106442332268,0,✅ Normal
0,0.02306705,0.0,0.005766762420535088,0,✅ Normal
0,0.020843545,0.0,0.0052108862437307835,0,✅ Normal
0,0.007048484,0.0,0.0017621209844946861,0,✅ Normal
0,0.15950255,0.0,0.039875637739896774,0,✅ Normal
0,0.0095514655,0.0,0.0023878663778305054,0,✅ Normal
0,0.019593025,0.0,0.004898256156593561,0,✅ Normal
0,0.02243012,0.0,0.0056075300090014935,0,✅ Normal
0,0.026215674,0.0,0.0065539185889065266,0,✅ Normal
0,0.078987926,0.0,0.01974698156118393,0,✅ Normal
0,0.010989259,0.0,0.0027473147492855787,0,✅ Normal
0,0.026419334,0.0,0.0066048335283994675,0,✅ Normal
0,0.13917285,0.01,0.04229321300983429,0,✅ Normal
0,0.039929178,0.0,0.009982294403016567,0,✅ Normal
0,0.0064429417,0.0,0.0016107354313135147,0,✅ Normal
0,0.021855246,0.12,0.09546381156891584,0,✅ Normal
0,0.013521351,0.0,0.003380337730050087,0,✅ Normal
0,0.018737784,0.0,0.0046844459138810635,0,✅ Normal
0,0.009815228,0.0,0.0024538070429116488,0,✅ Normal
0,0.014672579,0.0,0.0036681448109447956,0,✅ Normal
0,0.23072106,0.05,0.09518026411533356,0,✅ Normal
0,0.014430317,0.0,0.0036075792741030455,0,✅ Normal
0,0.03969125,0.0,0.009922812692821026,0,✅ Normal
0,0.0842925,0.0,0.021073125302791595,0,✅ Normal
0,0.15070198,0.03,0.06017549619078636,0,✅ Normal
0,0.015321053,0.0,0.0038302631583064795,0,✅ Normal
1,0.86240375,0.88,0.8756009376049042,1,🔴 High Risk
0,0.01807616,0.0,0.004519040230661631,0,✅ Normal
0,0.0148808975,0.12,0.09372022436931729,0,✅ Normal
0,0.016283555,0.0,0.004070888739079237,0,✅ Normal
0,0.009980248,0.0,0.0024950620718300343,0,✅ Normal
0,0.012806901,0.04,0.033201725194230675,0,✅ Normal
0,0.059541706,0.0,0.014885426498949528,0,✅ Normal
0,0.025712136,0.0,0.006428034044802189,0,✅ Normal
0,0.025994388,0.0,0.0064985970966517925,0,✅ Normal
0,0.028936857,0.0,0.007234214339405298,0,✅ Normal
0,0.015304889,0.0,0.003826222149655223,0,✅ Normal
0,0.030790808,0.0,0.007697701919823885,0,✅ Normal
0,0.053872973,0.0,0.013468243181705475,0,✅ Normal
0,0.010746035,0.0,0.002686508698388934,0,✅ Normal
0,0.020083355,0.0,0.0050208386965096,0,✅ Normal
0,0.027332857,0.0,0.006833214312791824,0,✅ Normal
0,0.015534456,0.0,0.003883613971993327,0,✅ Normal
0,0.01739903,0.0,0.0043497574515640736,0,✅ Normal
0,0.025927173,0.0,0.0064817932434380054,0,✅ Normal
0,0.0363436,0.0,0.009085900150239468,0,✅ Normal
0,0.018630713,0.0,0.004657678306102753,0,✅ Normal
0,0.081925616,0.0,0.020481403917074203,0,✅ Normal
0,0.008239963,0.0,0.0020599907729774714,0,✅ Normal
0,0.018235303,0.0,0.0045588258653879166,0,✅ Normal
0,0.008713014,0.0,0.0021782536059617996,0,✅ Normal
0,0.04684006,0.0,0.011710015125572681,0,✅ Normal
0,0.14984165,0.0,0.037460412830114365,0,✅ Normal
0,0.03597038,0.0,0.008992594666779041,0,✅ Normal
0,0.006999323,0.0,0.001749830786138773,0,✅ Normal
0,0.008990759,0.0,0.0022476897574961185,0,✅ Normal
0,0.041372795,0.0,0.010343198664486408,0,✅ Normal
0,0.008419552,0.0,0.0021048879716545343,0,✅ Normal
0,0.11105628,0.0,0.02776407077908516,0,✅ Normal
0,0.4075619,0.0,0.10189047455787659,0,✅ Normal
0,0.010803798,0.0,0.002700949553400278,0,✅ Normal
0,0.1909087,0.0,0.04772717505693436,0,✅ Normal
0,0.008113312,0.0,0.002028327900916338,0,✅ Normal
0,0.01211788,0.0,0.0030294700991362333,0,✅ Normal
0,0.06356981,0.0,0.015892451629042625,0,✅ Normal
0,0.069140896,0.0,0.017285224050283432,0,✅ Normal
0,0.014451852,0.0,0.003612963017076254,0,✅ Normal
0,0.007169632,0.0,0.001792407943867147,0,✅ Normal
0,0.15744264,0.0,0.039360661059617996,0,✅ Normal
0,0.021275155,0.0,0.0053187888115644455,0,✅ Normal
0,0.010737969,0.0,0.002684492152184248,0,✅ Normal
0,0.008735399,0.09,0.06968384969048202,0,✅ Normal
0,0.5139818,0.01,0.13599545478820801,0,✅ Normal
0,0.037378345,0.0,0.009344586171209812,0,✅ Normal
0,0.019173272,0.0,0.0047933179885149,0,✅ Normal
0,0.0659412,0.26,0.2114852999150753,0,⚠️ Low-Risk Anomaly
0,0.0083022,0.0,0.002075549913570285,0,✅ Normal
0,0.052823126,0.0,0.01320578157901764,0,✅ Normal
0,0.014924223,0.0,0.003731055650860071,0,✅ Normal
0,0.021089945,0.0,0.005272486247122288,0,✅ Normal
0,0.018254038,0.0,0.004563509486615658,0,✅ Normal
0,0.38492066,0.03,0.11873016417026519,0,✅ Normal
0,0.008611907,0.0,0.0021529768127948046,0,✅ Normal
0,0.028407607,0.0,0.0071019018068909645,0,✅ Normal
0,0.01219465,0.0,0.0030486625619232655,0,✅ Normal
0,0.03375168,0.0,0.008437920361757278,0,✅ Normal
0,0.60581183,0.14,0.25645295858383177,0,⚠️ Low-Risk Anomaly
0,0.008182138,0.01,0.009545534551143646,0,✅ Normal
0,0.031732555,0.0,0.007933138869702816,0,✅ Normal
0,0.026091868,0.0,0.006522967014461756,0,✅ Normal
0,0.11846603,0.01,0.03711650677025318,0,✅ Normal
0,0.03225397,0.0,0.008063492365181446,0,✅ Normal
0,0.022951191,0.0,0.005737797822803259,0,✅ Normal
0,0.022796325,0.0,0.0056990813463926315,0,✅ Normal
0,0.0131838685,0.0,0.003295967122539878,0,✅ Normal
0,0.01562776,0.0,0.00390694011002779,0,✅ Normal
0,0.056416728,0.0,0.01410418190062046,0,✅ Normal
0,0.031444345,0.0,0.007861086167395115,0,✅ Normal
0,0.27335015,0.03,0.09083753734827041,0,✅ Normal
0,0.022563117,0.0,0.005640779156237841,0,✅ Normal
0,0.017244538,0.0,0.004311134573072195,0,✅ Normal
0,0.032215763,0.01,0.01555394072085619,0,✅ Normal
0,0.03721019,0.0,0.009302547201514244,0,✅ Normal
0,0.5642294,0.09,0.2085573571920395,0,⚠️ Low-Risk Anomaly
0,0.022886414,0.0,0.005721603520214558,0,✅ Normal
0,0.008741003,0.0,0.0021852508652955294,0,✅ Normal
0,0.08781866,0.0,0.021954664960503578,0,✅ Normal
0,0.08135384,0.0,0.02033846080303192,0,✅ Normal
0,0.027110392,0.0,0.0067775980569422245,0,✅ Normal
0,0.018745447,0.0,0.0046863616444170475,0,✅ Normal
0,0.008249023,0.0,0.002062255749478936,0,✅ Normal
0,0.041248973,0.0,0.010312243364751339,0,✅ Normal
0,0.009756824,0.0,0.002439206000417471,0,✅ Normal
0,0.018534807,0.02,0.019633701872080564,0,✅ Normal
0,0.024626767,0.0,0.006156691815704107,0,✅ Normal
0,0.058367852,0.0,0.014591963030397892,0,✅ Normal
0,0.01060386,0.0,0.002650965005159378,0,✅ Normal
0,0.080849975,0.0,0.02021249383687973,0,✅ Normal
0,0.010462537,0.0,0.0026156343519687653,0,✅ Normal
0,0.035265014,0.0,0.008816253393888474,0,✅ Normal
0,0.036656585,0.0,0.009164146147668362,0,✅ Normal
0,0.43289018,0.01,0.11572254419326783,0,✅ Normal
0,0.013969445,0.0,0.003492361167445779,0,✅ Normal
0,0.023055408,0.0,0.005763852037489414,0,✅ Normal
0,0.008277949,0.0,0.0020694872364401817,0,✅ Normal
0,0.01052853,0.0,0.002632132498547435,0,✅ Normal
0,0.1597383,0.22,0.20493457555770875,0,⚠️ Low-Risk Anomaly
0,0.029942058,0.0,0.007485514506697655,0,✅ Normal
0,0.026484918,0.0,0.006621229462325573,0,✅ Normal
0,0.009750771,0.0,0.0024376928340643644,0,✅ Normal
0,0.00784422,0.0,0.001961054978892207,0,✅ Normal
0,0.010917769,0.0,0.0027294422034174204,0,✅ Normal
0,0.03976415,0.0,0.009941037744283676,0,✅ Normal
0,0.033504285,0.0,0.008376071229577065,0,✅ Normal
0,0.084843226,0.01,0.0287108064442873,0,✅ Normal
0,0.009280869,0.0,0.00232021720148623,0,✅ Normal
0,0.017337758,0.0,0.0043344395235180855,0,✅ Normal
0,0.16291164,0.0,0.04072790965437889,0,✅ Normal
0,0.015439657,0.0,0.0038599141407757998,0,✅ Normal
0,0.06481048,0.02,0.031202619299292564,0,✅ Normal
1,0.5208992,0.7,0.6552247941493987,1,🔶 Medium Risk
1,0.8468771,0.18,0.34671927452087403,0,⚠️ Low-Risk Anomaly
0,0.20028345,0.0,0.0500708632171154,0,✅ Normal
0,0.111523695,0.0,0.027880923822522163,0,✅ Normal
0,0.024624415,0.11,0.08865610368549824,0,✅ Normal
0,0.016301805,0.0,0.004075451288372278,0,✅ Normal
0,0.38415802,0.06,0.1410395038127899,0,✅ Normal
0,0.007982359,0.0,0.001995589816942811,0,✅ Normal
0,0.0088744415,0.0,0.0022186103742569685,0,✅ Normal
0,0.0077975476,0.0,0.0019493869040161371,0,✅ Normal
0,0.009251705,0.0,0.0023129263427108526,0,✅ Normal
0,0.068873055,0.0,0.01721826381981373,0,✅ Normal
0,0.013888717,0.0,0.0034721791744232178,0,✅ Normal
0,0.20329021,0.01,0.05832255229353905,0,✅ Normal
0,0.025724418,0.0,0.006431104615330696,0,✅ Normal
0,0.030527798,0.0,0.0076319496147334576,0,✅ Normal
0,0.030700779,0.0,0.007675194647163153,0,✅ Normal
0,0.0733148,0.0,0.018328700214624405,0,✅ Normal
0,0.017201683,0.0,0.004300420638173819,0,✅ Normal
0,0.052691333,0.01,0.020672833248972892,0,✅ Normal
0,0.006778208,0.0,0.0016945520183071494,0,✅ Normal
0,0.048352327,0.03,0.034588081799447536,0,✅ Normal
1,0.68041086,0.67,0.6726027154922486,1,🔶 Medium Risk
0,0.09863462,0.03,0.04715865574777126,0,✅ Normal
0,0.019171035,0.0,0.004792758729308844,0,✅ Normal
0,0.23531957,0.0,0.0588298924267292,0,✅ Normal
0,0.25231358,0.01,0.0705783960223198,0,✅ Normal
0,0.05319689,0.0,0.013299222104251385,0,✅ Normal
0,0.03302331,0.0,0.008255827240645885,0,✅ Normal
0,0.0977782,0.0,0.024444550275802612,0,✅ Normal
0,0.011286164,0.01,0.010321540925651788,0,✅ Normal
0,0.20181759,0.0,0.05045439675450325,0,✅ Normal
0,0.011272529,0.0,0.002818132285028696,0,✅ Normal
0,0.008388926,0.0,0.0020972315687686205,0,✅ Normal
0,0.52897596,0.07,0.18474399089813232,0,✅ Normal
0,0.02241652,0.0,0.00560413021594286,0,✅ Normal
0,0.022240981,0.0,0.005560245364904404,0,✅ Normal
0,0.083279945,0.01,0.02831998623907566,0,✅ Normal
0,0.042973142,0.0,0.010743285529315472,0,✅ Normal
0,0.015402234,0.0,0.0038505585398525,0,✅ Normal
0,0.020580826,0.0,0.005145206581801176,0,✅ Normal
0,0.03273646,0.0,0.008184115402400494,0,✅ Normal
0,0.01093331,0.04,0.03273332744836807,0,✅ Normal
0,0.015290084,0.0,0.003822521073743701,0,✅ Normal
0,0.012839864,0.0,0.0032099660020321608,0,✅ Normal
0,0.010788261,0.0,0.0026970652397722006,0,✅ Normal
0,0.011616005,0.0,0.002904001157730818,0,✅ Normal
1,0.03563677,0.02,0.023909192867577075,0,✅ Normal
0,0.016477192,0.0,0.004119297955185175,0,✅ Normal
0,0.13357894,0.04,0.06339473530650139,0,✅ Normal
0,0.37079993,0.0,0.09269998222589493,0,✅ Normal
0,0.034700803,0.0,0.00867520086467266,0,✅ Normal
0,0.0097235255,0.0,0.0024308813735842705,0,✅ Normal
0,0.013024449,0.0,0.0032561123371124268,0,✅ Normal
0,0.017260725,0.13,0.1018151811696589,0,✅ Normal
0,0.01842123,0.0,0.004605307709425688,0,✅ Normal
0,0.02624794,0.0,0.006561984773725271,0,✅ Normal
0,0.048544984,0.0,0.01213624607771635,0,✅ Normal
0,0.070341066,0.0,0.01758526638150215,0,✅ Normal
0,0.016190046,0.0,0.004047511611133814,0,✅ Normal
1,0.79338926,0.73,0.7458473151922226,1,🔴 High Risk
0,0.03313654,0.0,0.008284134790301323,0,✅ Normal
0,0.04918513,0.0,0.012296282686293125,0,✅ Normal
0,0.0073674778,0.0,0.0018418694380670786,0,✅ Normal
0,0.011370995,0.0,0.0028427487704902887,0,✅ Normal
0,0.019260088,0.0,0.004815021995455027,0,✅ Normal
0,0.015281508,0.0,0.0038203769363462925,0,✅ Normal
0,0.27454874,0.0,0.0686371847987175,0,✅ Normal
0,0.02200527,0.0,0.005501317325979471,0,✅ Normal
0,0.055642735,0.0,0.013910683803260326,0,✅ Normal
0,0.042969912,0.0,0.01074247807264328,0,✅ Normal
0,0.07613338,0.0,0.019033344462513924,0,✅ Normal
0,0.0151284905,0.0,0.003782122628763318,0,✅ Normal
0,0.03276611,0.0,0.008191527798771858,0,✅ Normal
0,0.018145753,0.0,0.004536438267678022,0,✅ Normal
0,0.01380654,0.0,0.0034516348969191313,0,✅ Normal
0,0.021194933,0.0,0.0052987332455813885,0,✅ Normal
0,0.0071261977,0.0,0.0017815494211390615,0,✅ Normal
0,0.026299674,0.0,0.006574918515980244,0,✅ Normal
0,0.027158886,0.01,0.014289721548557281,0,✅ Normal
0,0.01637351,0.0,0.004093377385288477,0,✅ Normal
0,0.010880911,0.0,0.002720227697864175,0,✅ Normal
0,0.034580868,0.0,0.008645216934382915,0,✅ Normal
0,0.036805153,0.0,0.009201288223266602,0,✅ Normal
0,0.20728993,0.41,0.3593224835395813,0,⚠️ Low-Risk Anomaly
0,0.015172959,0.0,0.003793239826336503,0,✅ Normal
0,0.014320415,0.0,0.003580103861168027,0,✅ Normal
0,0.008118186,0.07,0.05452954653650523,0,✅ Normal
0,0.02626082,0.15,0.119065204821527,0,✅ Normal
0,0.032489292,0.03,0.03062232308089733,0,✅ Normal
0,0.057583857,0.0,0.014395964331924915,0,✅ Normal
0,0.009815104,0.0,0.002453776076436043,0,✅ Normal
0,0.019694727,0.0,0.004923681728541851,0,✅ Normal
0,0.048409272,0.0,0.012102317996323109,0,✅ Normal
0,0.011302986,0.0,0.0028257465455681086,0,✅ Normal
0,0.009459245,0.0,0.0023648112546652555,0,✅ Normal
0,0.017482337,0.0,0.004370584152638912,0,✅ Normal
0,0.024980046,0.0,0.00624501146376133,0,✅ Normal
0,0.03251959,0.0,0.008129897527396679,0,✅ Normal
0,0.088036604,0.0,0.022009151056408882,0,✅ Normal
0,0.016826296,0.0,0.004206574056297541,0,✅ Normal
0,0.015335417,0.0,0.0038338543381541967,0,✅ Normal
0,0.030323045,0.0,0.007580761332064867,0,✅ Normal
1,0.28920192,0.45,0.40980047881603243,1,🔶 Medium Risk
0,0.026432442,0.0,0.006608110386878252,0,✅ Normal
0,0.026842153,0.0,0.006710538174957037,0,✅ Normal
0,0.022901457,0.17,0.13322536420077086,0,✅ Normal
0,0.15242444,0.0,0.03810610994696617,0,✅ Normal
0,0.015356269,0.0,0.0038390671834349632,0,✅ Normal
0,0.0145485075,0.0,0.0036371268797665834,0,✅ Normal
0,0.032076538,0.0,0.008019134402275085,0,✅ Normal
0,0.0436482,0.0,0.010912049561738968,0,✅ Normal
0,0.027398756,0.0,0.006849688943475485,0,✅ Normal
0,0.020955397,0.0,0.005238849204033613,0,✅ Normal
0,0.29442695,0.01,0.08110673695802689,0,✅ Normal
0,0.008609127,0.0,0.0021522818133234978,0,✅ Normal
0,0.011908669,0.0,0.0029771672561764717,0,✅ Normal
0,0.04767962,0.0,0.011919905431568623,0,✅ Normal
0,0.10505606,0.0,0.026264015585184097,0,✅ Normal
0,0.0076983417,0.0,0.0019245854346081614,0,✅ Normal
0,0.068537585,0.0,0.017134396359324455,0,✅ Normal
0,0.13673209,0.0,0.03418302163481712,0,✅ Normal
0,0.0451885,0.0,0.011297125369310379,0,✅ Normal
0,0.03300992,0.0,0.008252480067312717,0,✅ Normal
0,0.29169884,0.0,0.07292471081018448,0,✅ Normal
0,0.07821626,0.0,0.01955406554043293,0,✅ Normal
0,0.0118556395,0.0,0.0029639098793268204,0,✅ Normal
0,0.013182826,0.0,0.003295706585049629,0,✅ Normal
0,0.025667392,0.0,0.006416847929358482,0,✅ Normal
0,0.009622245,0.0,0.002405561273917556,0,✅ Normal
0,0.08262358,0.0,0.02065589465200901,0,✅ Normal
0,0.08419608,0.0,0.021049020811915398,0,✅ Normal
0,0.029114673,0.0,0.007278668228536844,0,✅ Normal
0,0.011594346,0.0,0.0028985864482820034,0,✅ Normal
0,0.012347889,0.0,0.0030869722831994295,0,✅ Normal
0,0.38713944,0.13,0.19428485989570618,0,✅ Normal
0,0.006622824,0.0,0.0016557059716433287,0,✅ Normal
0,0.018050918,0.0,0.004512729588896036,0,✅ Normal
0,0.0791286,0.0,0.01978215016424656,0,✅ Normal
0,0.0078005656,0.0,0.0019501413917168975,0,✅ Normal
0,0.008874768,0.0,0.002218692097812891,0,✅ Normal
0,0.030412413,0.0,0.007603103294968605,0,✅ Normal
1,0.08449958,0.29,0.2386248956620693,0,⚠️ Low-Risk Anomaly
1,0.843374,0.69,0.7283435034751892,1,🔴 High Risk
0,0.018292934,0.0,0.004573233425617218,0,✅ Normal
0,0.023007877,0.0,0.005751969292759895,0,✅ Normal
0,0.018306503,0.0,0.004576625768095255,0,✅ Normal
0,0.007408672,0.03,0.024352168003097176,0,✅ Normal
0,0.01603816,0.0,0.004009540192782879,0,✅ Normal
0,0.010429583,0.0,0.002607395639643073,0,✅ Normal
0,0.037871476,0.0,0.009467869065701962,0,✅ Normal
0,0.01118316,0.0,0.0027957900892943144,0,✅ Normal
0,0.008042232,0.0,0.002010558033362031,0,✅ Normal
0,0.026421864,0.0,0.006605465896427631,0,✅ Normal
0,0.029144786,0.0,0.0072861965745687485,0,✅ Normal
0,0.0119282445,0.0,0.0029820611234754324,0,✅ Normal
0,0.024797268,0.07,0.0586993170529604,0,✅ Normal
0,0.010769352,0.0,0.002692338079214096,0,✅ Normal
0,0.12349659,0.01,0.03837414801120758,0,✅ Normal
0,0.0517975,0.03,0.03544937543570995,0,✅ Normal
0,0.085427195,0.0,0.021356798708438873,0,✅ Normal
0,0.12218389,0.0,0.030545972287654877,0,✅ Normal
0,0.008962821,0.0,0.0022407053038477898,0,✅ Normal
0,0.010206173,0.0,0.0025515432935208082,0,✅ Normal
1,0.82314086,0.99,0.9482852149009704,1,🚨 Critical Alert
0,0.036147676,0.01,0.016536919102072715,0,✅ Normal
0,0.021191228,0.0,0.005297807045280933,0,✅ Normal
0,0.023680337,0.0,0.005920084193348885,0,✅ Normal
0,0.1268711,0.0,0.03171777352690697,0,✅ Normal
0,0.027304605,0.0,0.0068261511623859406,0,✅ Normal
0,0.08145876,0.0,0.02036469057202339,0,✅ Normal
0,0.008783753,0.0,0.0021959382575005293,0,✅ Normal
1,0.16868217,0.7,0.5671705432236194,1,🔶 Medium Risk
0,0.033965565,0.0,0.008491391316056252,0,✅ Normal
0,0.0082286075,0.0,0.0020571518689393997,0,✅ Normal
0,0.016792668,0.0,0.004198167007416487,0,✅ Normal
0,0.18784538,0.0,0.04696134477853775,0,✅ Normal
0,0.05684189,0.0,0.01421047281473875,0,✅ Normal
0,0.028471531,0.0,0.007117882836610079,0,✅ Normal
0,0.011413275,0.0,0.002853318816050887,0,✅ Normal
0,0.054173294,0.0,0.013543323613703251,0,✅ Normal
0,0.09050459,0.0,0.02262614667415619,0,✅ Normal
0,0.07409834,0.0,0.01852458529174328,0,✅ Normal
0,0.037826024,0.31,0.24195650599896906,0,⚠️ Low-Risk Anomaly
0,0.11309975,0.17,0.1557749366015196,0,✅ Normal
0,0.020240841,0.0,0.005060210358351469,0,✅ Normal
0,0.033165164,0.0,0.008291291072964668,0,✅ Normal
0,0.030787075,0.0,0.00769676873460412,0,✅ Normal
0,0.50212836,0.0,0.1255320906639099,0,✅ Normal
0,0.009952573,0.0,0.002488143276423216,0,✅ Normal
1,0.2550665,0.73,0.6112666285037994,1,🔶 Medium Risk
0,0.008314705,0.0,0.002078676363453269,0,✅ Normal
0,0.239184,0.0,0.05979600176215172,0,✅ Normal
0,0.06920537,0.04,0.047301343381404876,0,✅ Normal
0,0.029803324,0.0,0.0074508311226964,0,✅ Normal
0,0.027192568,0.03,0.029298142101615667,0,✅ Normal
0,0.38071206,0.02,0.1101780155301094,0,✅ Normal
0,0.06069632,0.0,0.015174079686403275,0,✅ Normal
0,0.026971681,0.0,0.006742920260876417,0,✅ Normal
0,0.0674309,0.0,0.016857724636793137,0,✅ Normal
0,0.055798743,0.0,0.013949685730040073,0,✅ Normal
0,0.02717067,0.0,0.00679266732186079,0,✅ Normal
0,0.017647712,0.0,0.00441192789003253,0,✅ Normal
0,0.010127333,0.0,0.0025318332482129335,0,✅ Normal
0,0.006044384,0.0,0.0015110960230231285,0,✅ Normal
0,0.0091881445,0.0,0.0022970361169427633,0,✅ Normal
0,0.011523352,0.0,0.0028808380011469126,0,✅ Normal
0,0.0074551725,0.0,0.0018637931207194924,0,✅ Normal
0,0.0100600915,0.0,0.002515022875741124,0,✅ Normal
0,0.019229934,0.0,0.004807483404874802,0,✅ Normal
0,0.016161771,0.0,0.004040442872792482,0,✅ Normal
0,0.014865318,0.0,0.0037163295783102512,0,✅ Normal
0,0.059190623,0.0,0.014797655865550041,0,✅ Normal
0,0.020792244,0.01,0.012698061000555753,0,✅ Normal
0,0.013858577,0.03,0.02596464430913329,0,✅ Normal
0,0.01271359,0.02,0.018178397426381707,0,✅ Normal
0,0.016571453,0.0,0.00414286321029067,0,✅ Normal
0,0.021014728,0.0,0.005253681913018227,0,✅ Normal
0,0.013440054,0.0,0.0033600134775042534,0,✅ Normal
0,0.030666107,0.0,0.0076665268279612064,0,✅ Normal
0,0.007359908,0.0,0.00183997699059546,0,✅ Normal
0,0.012074524,0.0,0.003018630901351571,0,✅ Normal
0,0.042062867,0.0,0.01051571685820818,0,✅ Normal
0,0.046329852,0.0,0.011582463048398495,0,✅ Normal
0,0.013650683,0.0,0.003412670688703656,0,✅ Normal
0,0.03425195,0.0,0.008562987670302391,0,✅ Normal
0,0.035386015,0.0,0.008846503682434559,0,✅ Normal
0,0.011093624,0.0,0.002773405984044075,0,✅ Normal
0,0.017558727,0.0,0.004389681853353977,0,✅ Normal
0,0.028412353,0.0,0.007103088311851025,0,✅ Normal
0,0.0071631004,0.0,0.0017907751025632024,0,✅ Normal
0,0.05013894,0.15,0.12503473479300736,0,✅ Normal
0,0.018348454,0.0,0.004587113391608,0,✅ Normal
0,0.036841918,0.0,0.009210479445755482,0,✅ Normal
0,0.0150461625,0.0,0.0037615406326949596,0,✅ Normal
0,0.021676306,0.0,0.005419076420366764,0,✅ Normal
0,0.010327734,0.0,0.0025819335132837296,0,✅ Normal
0,0.010320372,0.0,0.0025800929870456457,0,✅ Normal
0,0.010994837,0.09,0.07024870917201043,0,✅ Normal
0,0.1302194,0.26,0.22755484998226166,0,⚠️ Low-Risk Anomaly
0,0.04184449,0.0,0.01046112272888422,0,✅ Normal
0,0.009842009,0.0,0.0024605023209005594,0,✅ Normal
0,0.017187878,0.0,0.004296969622373581,0,✅ Normal
0,0.021629395,0.0,0.005407348740845919,0,✅ Normal
0,0.08641322,0.01,0.029103304892778396,0,✅ Normal
0,0.011509678,0.0,0.0028774195816367865,0,✅ Normal
0,0.028577795,0.0,0.007144448813050985,0,✅ Normal
0,0.03460399,0.0,0.008650997653603554,0,✅ Normal
0,0.013122629,0.0,0.0032806573435664177,0,✅ Normal
0,0.03980864,0.0,0.009952159598469734,0,✅ Normal
0,0.09002482,0.0,0.02250620536506176,0,✅ Normal
0,0.014894156,0.0,0.0037235389463603497,0,✅ Normal
0,0.1149613,0.01,0.03624032407999039,0,✅ Normal
0,0.010849656,0.0,0.002712413901463151,0,✅ Normal
0,0.01816061,0.0,0.004540152382105589,0,✅ Normal
0,0.6613348,0.43,0.48783370316028596,1,🔶 Medium Risk
0,0.014879108,0.0,0.003719777101650834,0,✅ Normal
0,0.017474385,0.0,0.0043685962446033955,0,✅ Normal
0,0.015553291,0.04,0.03388832273893058,0,✅ Normal
0,0.030570721,0.0,0.007642680313438177,0,✅ Normal
0,0.015007387,0.01,0.01125184672884643,0,✅ Normal
0,0.005631256,0.0,0.0014078139793127775,0,✅ Normal
0,0.022666547,0.0,0.005666636861860752,0,✅ Normal
0,0.08786407,0.0,0.02196601778268814,0,✅ Normal
0,0.044910938,0.0,0.011227734386920929,0,✅ Normal
0,0.017330984,0.0,0.004332745913416147,0,✅ Normal
0,0.021266213,0.01,0.01281655317172408,0,✅ Normal
0,0.012848034,0.01,0.010712008392438292,0,✅ Normal
0,0.021403337,0.0,0.005350834224373102,0,✅ Normal
0,0.027967919,0.0,0.006991979666054249,0,✅ Normal
0,0.012474694,0.0,0.003118673572316766,0,✅ Normal
0,0.011254968,0.0,0.0028137420304119587,0,✅ Normal
0,0.045191,0.0,0.011297750286757946,0,✅ Normal
0,0.08643921,0.0,0.021609801799058914,0,✅ Normal
1,0.6204035,0.71,0.6876008820533752,1,🔶 Medium Risk
0,0.010956114,0.0,0.002739028539508581,0,✅ Normal
0,0.016182909,0.0,0.004045727197080851,0,✅ Normal
1,0.7594431,0.96,0.9098607760667801,1,🚨 Critical Alert
0,0.044135764,0.0,0.011033941060304642,0,✅ Normal
0,0.018199958,0.0,0.004549989476799965,0,✅ Normal
1,0.051535204,0.65,0.5003838010132313,1,🔶 Medium Risk
0,0.13468757,0.03,0.056171893179416656,0,✅ Normal
0,0.04251703,0.0,0.010629257187247276,0,✅ Normal
0,0.06690172,0.13,0.11422543026506901,0,✅ Normal
0,0.03723295,0.0,0.009308237582445145,0,✅ Normal
0,0.032965533,0.0,0.008241383358836174,0,✅ Normal
0,0.034566265,0.0,0.008641566149890423,0,✅ Normal
0,0.020169014,0.0,0.005042253527790308,0,✅ Normal
0,0.041264214,0.02,0.02531605340540409,0,✅ Normal
0,0.033118654,0.0,0.008279663510620594,0,✅ Normal
0,0.011357178,0.0,0.00283929449506104,0,✅ Normal
1,0.22627544,0.67,0.5590688610076905,1,🔶 Medium Risk
0,0.030484293,0.0,0.007621073164045811,0,✅ Normal
0,0.017894069,0.0,0.004473517183214426,0,✅ Normal
0,0.030164454,0.05,0.04504111353307963,0,✅ Normal
0,0.008920409,0.0,0.0022301021963357925,0,✅ Normal
0,0.011984982,0.0,0.00299624539911747,0,✅ Normal
0,0.13086873,0.23,0.20521718323230745,0,⚠️ Low-Risk Anomaly
0,0.080642544,0.01,0.02766063593327999,0,✅ Normal
1,0.39013675,0.76,0.6675341871380807,1,🔶 Medium Risk
0,0.015492682,0.0,0.0038731705863028765,0,✅ Normal
0,0.03991629,0.0,0.009979072958230972,0,✅ Normal
0,0.016897533,0.0,0.004224383272230625,0,✅ Normal
0,0.083134435,0.0,0.02078360877931118,0,✅ Normal
0,0.010582994,0.0,0.002645748434588313,0,✅ Normal
0,0.026832039,0.0,0.006708009634166956,0,✅ Normal
0,0.557903,0.03,0.1619757479429245,0,✅ Normal
0,0.0079895705,0.0,0.001997392624616623,0,✅ Normal
0,0.013653431,0.0,0.0034133577719330788,0,✅ Normal
0,0.022615382,0.0,0.005653845611959696,0,✅ Normal
0,0.031451322,0.0,0.00786283053457737,0,✅ Normal
0,0.025379589,0.0,0.006344897206872702,0,✅ Normal
0,0.01691711,0.0,0.0042292773723602295,0,✅ Normal
0,0.03220648,0.0,0.008051619865000248,0,✅ Normal
0,0.017052973,0.0,0.004263243172317743,0,✅ Normal
0,0.6886332,0.27,0.37465830087661744,1,⚠️ Low-Risk Anomaly
0,0.022299184,0.0,0.005574795883148909,0,✅ Normal
0,0.03493192,0.0,0.008732980117201805,0,✅ Normal
0,0.17801549,0.0,0.044503871351480484,0,✅ Normal
0,0.07223169,0.0,0.018057921901345253,0,✅ Normal
0,0.03535394,0.0,0.00883848499506712,0,✅ Normal
0,0.018658554,0.0,0.0046646385453641415,0,✅ Normal
0,0.0145807285,0.0,0.0036451821215450764,0,✅ Normal
0,0.00539547,0.0,0.0013488675467669964,0,✅ Normal
0,0.016417002,0.0,0.004104250576347113,0,✅ Normal
0,0.030878134,0.0,0.007719533517956734,0,✅ Normal
1,0.4470793,0.7,0.6367698252201079,1,🔶 Medium Risk
0,0.007915398,0.0,0.0019788495264947414,0,✅ Normal
0,0.020827971,0.0,0.0052069928497076035,0,✅ Normal
0,0.025014784,0.0,0.006253696046769619,0,✅ Normal
0,0.18535542,0.15,0.15883885622024535,0,✅ Normal
0,0.021789514,0.0,0.005447378382086754,0,✅ Normal
0,0.037852064,0.0,0.00946301594376564,0,✅ Normal
0,0.010743206,0.01,0.010185801591724157,0,✅ Normal
0,0.00803275,0.0,0.002008187584578991,0,✅ Normal
0,0.02755123,0.0,0.006887807510793209,0,✅ Normal
0,0.01079551,0.0,0.0026988775935024023,0,✅ Normal
0,0.018503947,0.02,0.01962598679587245,0,✅ Normal
0,0.012327134,0.06,0.04808178341947496,0,✅ Normal
0,0.011531682,0.0,0.002882920438423753,0,✅ Normal
0,0.016550949,0.0,0.004137737210839987,0,✅ Normal
0,0.19306026,0.0,0.048265065997838974,0,✅ Normal
0,0.012199717,0.0,0.0030499291606247425,0,✅ Normal
0,0.01144559,0.0,0.002861397573724389,0,✅ Normal
0,0.015196868,0.0,0.003799217054620385,0,✅ Normal
0,0.029749261,0.0,0.0074373153038322926,0,✅ Normal
0,0.027511034,0.0,0.006877758540213108,0,✅ Normal
0,0.009347824,0.0,0.0023369560949504375,0,✅ Normal
0,0.011519545,0.0,0.0028798861894756556,0,✅ Normal
0,0.02778386,0.0,0.006945964880287647,0,✅ Normal
0,0.00692415,0.0,0.0017310375114902854,0,✅ Normal
0,0.14977379,0.0,0.03744344785809517,0,✅ Normal
0,0.057198193,0.0,0.014299548231065273,0,✅ Normal
0,0.03461444,0.0,0.00865361001342535,0,✅ Normal
0,0.13904235,0.19,0.17726058691740038,0,✅ Normal
0,0.015477323,0.0,0.003869330743327737,0,✅ Normal
0,0.021611765,0.0,0.005402941256761551,0,✅ Normal
0,0.012128794,0.01,0.010532198408618569,0,✅ Normal
0,0.029895918,0.0,0.007473979610949755,0,✅ Normal
0,0.030781753,0.0,0.007695438340306282,0,✅ Normal
0,0.017022602,0.01,0.01175565056502819,0,✅ Normal
0,0.02328982,0.0,0.005822455044835806,0,✅ Normal
0,0.6993165,0.21,0.3323291254043579,0,⚠️ Low-Risk Anomaly
0,0.031061191,0.0,0.007765297777950764,0,✅ Normal
0,0.04873008,0.0,0.012182519771158695,0,✅ Normal
0,0.016809218,0.0,0.004202304407954216,0,✅ Normal
0,0.010567098,0.0,0.002641774481162429,0,✅ Normal
0,0.011423686,0.0,0.00285592139698565,0,✅ Normal
0,0.033967506,0.0,0.008491876535117626,0,✅ Normal
0,0.025436088,0.0,0.006359022110700607,0,✅ Normal
0,0.02824333,0.0,0.007060832343995571,0,✅ Normal
0,0.02096751,0.0,0.005241877399384975,0,✅ Normal
0,0.007924233,0.0,0.001981058157980442,0,✅ Normal
0,0.0074446723,0.0,0.0018611680716276169,0,✅ Normal
0,0.022316108,0.0,0.005579026881605387,0,✅ Normal
0,0.029109322,0.14,0.11227733038365842,0,✅ Normal
0,0.009619741,0.0,0.0024049351923167706,0,✅ Normal
0,0.011474037,0.0,0.002868509152904153,0,✅ Normal
0,0.04320174,0.0,0.010800435207784176,0,✅ Normal
0,0.012513075,0.0,0.0031282687559723854,0,✅ Normal
0,0.009867828,0.0,0.0024669570848345757,0,✅ Normal
0,0.38570717,0.1,0.17142679244279863,0,✅ Normal
0,0.008369611,0.0,0.0020924026612192392,0,✅ Normal
0,0.063605696,0.0,0.01590142399072647,0,✅ Normal
1,0.12054169,0.66,0.5251354229450226,1,🔶 Medium Risk
0,0.018663157,0.02,0.01966578919440508,0,✅ Normal
0,0.029613124,0.0,0.0074032810516655445,0,✅ Normal
0,0.13736086,0.0,0.03434021398425102,0,✅ Normal
0,0.01636778,0.0,0.004091945011168718,0,✅ Normal
0,0.011494987,0.0,0.0028737466782331467,0,✅ Normal
0,0.035382565,0.0,0.008845641277730465,0,✅ Normal
0,0.03062123,0.0,0.007655307650566101,0,✅ Normal
0,0.10786317,0.08,0.08696579322218895,0,✅ Normal
0,0.045399062,0.0,0.011349765583872795,0,✅ Normal
0,0.03690854,0.0,0.009227135218679905,0,✅ Normal
0,0.012580221,0.0,0.0031450551468878984,0,✅ Normal
0,0.16429697,0.28,0.2510742424428463,0,⚠️ Low-Risk Anomaly
0,0.04133885,0.0,0.010334712453186512,0,✅ Normal
0,0.022264034,0.0,0.005566008388996124,0,✅ Normal
0,0.033825204,0.0,0.00845630094408989,0,✅ Normal
0,0.008862199,0.0,0.0022155498154461384,0,✅ Normal
0,0.011143846,0.0,0.0027859616093337536,0,✅ Normal
0,0.01887627,0.0,0.004719067364931107,0,✅ Normal
0,0.025354668,0.19,0.14883866712450983,0,✅ Normal
0,0.061070893,0.0,0.015267723239958286,0,✅ Normal
0,0.06394451,0.0,0.01598612777888775,0,✅ Normal
0,0.012081027,0.0,0.003020256757736206,0,✅ Normal
0,0.16455679,0.01,0.04863919660449028,0,✅ Normal
0,0.03743311,0.0,0.009358277544379234,0,✅ Normal
0,0.011147966,0.0,0.0027869914192706347,0,✅ Normal
0,0.040253334,0.0,0.010063333436846733,0,✅ Normal
0,0.030123094,0.0,0.007530773524194956,0,✅ Normal
0,0.06236938,0.0,0.015592345036566257,0,✅ Normal
0,0.017057305,0.0,0.004264326300472021,0,✅ Normal
0,0.00859277,0.0,0.002148192608729005,0,✅ Normal
0,0.012512203,0.0,0.0031280508264899254,0,✅ Normal
0,0.01021172,0.01,0.01005293003283441,0,✅ Normal
1,0.6852805,0.43,0.4938201254606247,1,🔶 Medium Risk
1,0.2374632,0.16,0.17936580151319503,0,✅ Normal
0,0.019675476,0.0,0.0049188691191375256,0,✅ Normal
0,0.013483274,0.0,0.0033708184491842985,0,✅ Normal
0,0.40526414,0.15,0.21381603479385375,0,⚠️ Low-Risk Anomaly
0,0.060532548,0.03,0.03763313688337803,0,✅ Normal
0,0.018223587,0.02,0.01955589685589075,0,✅ Normal
0,0.026545158,0.0,0.0066362894140183926,0,✅ Normal
0,0.046140973,0.0,0.01153524313122034,0,✅ Normal
0,0.46980706,0.01,0.1249517646431923,0,✅ Normal
0,0.013917514,0.0,0.003479378530755639,0,✅ Normal
0,0.082649626,0.03,0.04316240645945072,0,✅ Normal
1,0.49858597,0.72,0.6646464923024178,1,🔶 Medium Risk
0,0.023303503,0.0,0.0058258757926523685,0,✅ Normal
0,0.025985643,0.0,0.006496410816907883,0,✅ Normal
0,0.036143698,0.0,0.009035924449563026,0,✅ Normal
0,0.2915575,0.08,0.13288937270641327,0,✅ Normal
0,0.012813648,0.0,0.003203412052243948,0,✅ Normal
0,0.0116754165,0.0,0.002918854122981429,0,✅ Normal
0,0.04338339,0.0,0.010845847427845001,0,✅ Normal
0,0.008177039,0.0,0.0020442598033696413,0,✅ Normal
0,0.03517746,0.23,0.18129436545073987,0,✅ Normal
0,0.16501616,0.0,0.041254039853811264,0,✅ Normal
0,0.010620376,0.0,0.0026550940237939358,0,✅ Normal
0,0.02716307,0.0,0.006790767423808575,0,✅ Normal
0,0.03430777,0.0,0.00857694260776043,0,✅ Normal
0,0.025728052,0.02,0.021432013120502233,0,✅ Normal
0,0.019549409,0.0,0.004887352231889963,0,✅ Normal
0,0.008766156,0.0,0.0021915389224886894,0,✅ Normal
0,0.016059695,0.0,0.004014923702925444,0,✅ Normal
0,0.033607822,0.0,0.008401955477893353,0,✅ Normal
0,0.013856128,0.0,0.0034640319645404816,0,✅ Normal
0,0.01631771,0.0,0.004079427570104599,0,✅ Normal
0,0.014249145,0.0,0.003562286263331771,0,✅ Normal
0,0.0427385,0.0,0.010684625245630741,0,✅ Normal
0,0.08791972,0.0,0.021979929879307747,0,✅ Normal
0,0.010935121,0.0,0.0027337803039699793,0,✅ Normal
0,0.02592122,0.0,0.00648030498996377,0,✅ Normal
0,0.011389663,0.0,0.0028474158607423306,0,✅ Normal
0,0.37518772,0.01,0.10129693120718003,0,✅ Normal
0,0.05211138,0.0,0.013027844950556755,0,✅ Normal
0,0.010804761,0.0,0.002701190300285816,0,✅ Normal
0,0.0386447,0.01,0.017161175310611725,0,✅ Normal
0,0.09661969,0.0,0.024154921993613243,0,✅ Normal
1,0.7284138,0.64,0.6621034550666809,1,🔶 Medium Risk
0,0.036191717,0.0,0.00904792919754982,0,✅ Normal
0,0.011434368,0.0,0.00285859196446836,0,✅ Normal
0,0.007503582,0.0,0.0018758955411612988,0,✅ Normal
0,0.22612536,0.01,0.06403133988380433,0,✅ Normal
0,0.35933748,0.0,0.08983436971902847,0,✅ Normal
1,0.13751455,0.51,0.41687863662838937,1,🔶 Medium Risk
0,0.047048558,0.01,0.01926213938742876,0,✅ Normal
0,0.02081961,0.0,0.005204902496188879,0,✅ Normal
0,0.025059527,0.0,0.006264881696552038,0,✅ Normal
0,0.026940165,0.01,0.01423504127189517,0,✅ Normal
0,0.05504722,0.0,0.01376180537045002,0,✅ Normal
0,0.0131090265,0.24,0.1832772566191852,0,✅ Normal
0,0.09092499,0.0,0.022731248289346695,0,✅ Normal
0,0.011778608,0.0,0.0029446519911289215,0,✅ Normal
0,0.034020104,0.0,0.008505025878548622,0,✅ Normal
0,0.019360805,0.0,0.004840201232582331,0,✅ Normal
0,0.009826042,0.0,0.002456510439515114,0,✅ Normal
0,0.00517137,0.0,0.0012928425567224622,0,✅ Normal
0,0.014427816,0.08,0.06360695389099419,0,✅ Normal
0,0.03751303,0.0,0.00937825720757246,0,✅ Normal
0,0.0133279255,0.0,0.0033319813665002584,0,✅ Normal
0,0.1915768,0.0,0.0478941984474659,0,✅ Normal
0,0.009619101,0.0,0.0024047752376645803,0,✅ Normal
0,0.40060997,0.0,0.10015249252319336,0,✅ Normal
0,0.018786373,0.0,0.004696593154221773,0,✅ Normal
0,0.016541544,0.0,0.00413538608700037,0,✅ Normal
0,0.090092756,0.0,0.022523188963532448,0,✅ Normal
0,0.049352106,0.0,0.01233802642673254,0,✅ Normal
0,0.01328716,0.0,0.0033217899035662413,0,✅ Normal
0,0.045059573,0.0,0.011264893226325512,0,✅ Normal
0,0.47870597,0.0,0.11967649310827255,0,✅ Normal
0,0.018499704,0.01,0.012124926019459963,0,✅ Normal
0,0.03985749,0.0,0.009964372962713242,0,✅ Normal
0,0.012489242,0.0,0.0031223103869706392,0,✅ Normal
0,0.014426237,0.04,0.0336065592430532,0,✅ Normal
0,0.31901816,0.01,0.08725453883409501,0,✅ Normal
0,0.03666914,0.0,0.009167284704744816,0,✅ Normal
0,0.011862525,0.0,0.0029656311962753534,0,✅ Normal
0,0.013284773,0.0,0.0033211931586265564,0,✅ Normal
0,0.036215447,0.0,0.00905386172235012,0,✅ Normal
0,0.07346133,0.0,0.01836533285677433,0,✅ Normal
0,0.11956457,0.0,0.02989114262163639,0,✅ Normal
0,0.008369088,0.0,0.0020922720432281494,0,✅ Normal
0,0.01195418,0.0,0.0029885449912399054,0,✅ Normal
0,0.3243945,0.01,0.08859862357378007,0,✅ Normal
0,0.012936069,0.01,0.010734017174690962,0,✅ Normal
0,0.024932127,0.0,0.006233031861484051,0,✅ Normal
0,0.06292546,0.0,0.015731364488601685,0,✅ Normal
0,0.008384369,0.0,0.002096092328429222,0,✅ Normal
0,0.12752782,0.0,0.03188195452094078,0,✅ Normal
0,0.047636803,0.04,0.04190920080989599,0,✅ Normal
0,0.74899167,0.25,0.3747479170560837,1,⚠️ Low-Risk Anomaly
0,0.00770698,0.0,0.001926745055243373,0,✅ Normal
0,0.00931131,0.0,0.0023278275039047003,0,✅ Normal
0,0.042462073,0.0,0.010615518316626549,0,✅ Normal
0,0.013498962,0.0,0.003374740481376648,0,✅ Normal
0,0.011757071,0.04,0.032939267782494425,0,✅ Normal
0,0.027743684,0.0,0.006935921031981707,0,✅ Normal
0,0.008751128,0.0,0.0021877819672226906,0,✅ Normal
0,0.024129048,0.0,0.006032261997461319,0,✅ Normal
0,0.0122072175,0.0,0.0030518043786287308,0,✅ Normal
0,0.08009733,0.0,0.020024333149194717,0,✅ Normal
0,0.025446998,0.0,0.006361749488860369,0,✅ Normal
0,0.010559602,0.01,0.010139900427311659,0,✅ Normal
0,0.011216435,0.0,0.00280410866253078,0,✅ Normal
0,0.026008429,0.0,0.006502107251435518,0,✅ Normal
0,0.007903559,0.0,0.0019758897833526134,0,✅ Normal
0,0.031189766,0.0,0.007797441445291042,0,✅ Normal
0,0.057218973,0.0,0.014304743148386478,0,✅ Normal
0,0.015131466,0.0,0.003782866522669792,0,✅ Normal
0,0.22729507,0.0,0.056823767721652985,0,✅ Normal
0,0.007949026,0.0,0.0019872565753757954,0,✅ Normal
0,0.018598754,0.0,0.0046496884897351265,0,✅ Normal
0,0.05274248,0.0,0.013185620307922363,0,✅ Normal
0,0.010729913,0.0,0.002682478167116642,0,✅ Normal
0,0.021492478,0.0,0.005373119376599789,0,✅ Normal
0,0.01731513,0.0,0.004328782670199871,0,✅ Normal
0,0.009501025,0.0,0.002375256270170212,0,✅ Normal
0,0.012935284,0.0,0.0032338208984583616,0,✅ Normal
0,0.30901676,0.0,0.07725419104099274,0,✅ Normal
0,0.043527924,0.0,0.010881980881094933,0,✅ Normal
1,0.17639726,0.68,0.5540993160009384,1,🔶 Medium Risk
0,0.027885422,0.0,0.006971355527639389,0,✅ Normal
0,0.009821979,0.0,0.0024554948322474957,0,✅ Normal
0,0.024315484,0.0,0.006078870967030525,0,✅ Normal
0,0.012561008,0.0,0.0031402520835399628,0,✅ Normal
0,0.20163058,0.01,0.05790764436125755,0,✅ Normal
0,0.013645034,0.0,0.0034112585708498955,0,✅ Normal
0,0.16816333,0.01,0.049540832340717315,0,✅ Normal
0,0.025999986,0.0,0.006499996408820152,0,✅ Normal
0,0.0075116726,0.0,0.00187791814096272,0,✅ Normal
0,0.020152103,0.0,0.005038025788962841,0,✅ Normal
0,0.017140627,0.01,0.011785156726837158,0,✅ Normal
0,0.14942135,0.04,0.06735533729195595,0,✅ Normal
0,0.15187538,0.0,0.037968844175338745,0,✅ Normal
0,0.010162989,0.0,0.002540747169405222,0,✅ Normal
0,0.010720699,0.0,0.0026801747735589743,0,✅ Normal
0,0.13346273,0.0,0.033365681767463684,0,✅ Normal
0,0.017339967,0.03,0.02683499179780483,0,✅ Normal
0,0.02075459,0.0,0.005188647657632828,0,✅ Normal
0,0.043380003,0.24,0.19084500085562467,0,✅ Normal
0,0.010803222,0.0,0.0027008054312318563,0,✅ Normal
0,0.013540031,0.0,0.0033850078471004963,0,✅ Normal
0,0.11533688,0.01,0.03633422002196312,0,✅ Normal
0,0.024618108,0.0,0.006154526956379414,0,✅ Normal
0,0.03431472,0.0,0.008578680455684662,0,✅ Normal
0,0.06280077,0.0,0.015700193122029305,0,✅ Normal
0,0.008277319,0.0,0.0020693298429250717,0,✅ Normal
0,0.23012418,0.01,0.06503104388713837,0,✅ Normal
0,0.1715971,0.0,0.042899273335933685,0,✅ Normal
0,0.008166875,0.0,0.002041718689724803,0,✅ Normal
0,0.10127269,0.01,0.032818171828985214,0,✅ Normal
0,0.022342475,0.0,0.005585618782788515,0,✅ Normal
0,0.014714132,0.0,0.0036785330157727003,0,✅ Normal
0,0.020551689,0.0,0.005137922242283821,0,✅ Normal
0,0.01197286,0.0,0.0029932151082903147,0,✅ Normal
0,0.010896935,0.0,0.0027242337819188833,0,✅ Normal
0,0.021532394,0.0,0.0053830984979867935,0,✅ Normal
0,0.021643326,0.0,0.005410831421613693,0,✅ Normal
0,0.11031487,0.02,0.04257871709764004,0,✅ Normal
0,0.0118296305,0.0,0.0029574076179414988,0,✅ Normal
0,0.04707847,0.0,0.011769617907702923,0,✅ Normal
0,0.016738473,0.0,0.004184618126600981,0,✅ Normal
0,0.012529974,0.0,0.003132493468001485,0,✅ Normal
1,0.69457877,0.81,0.7811446917057038,1,🔴 High Risk
0,0.037478257,0.0,0.009369564242661,0,✅ Normal
0,0.057198193,0.0,0.014299548231065273,0,✅ Normal
0,0.06534841,0.0,0.01633710227906704,0,✅ Normal
0,0.025504945,0.0,0.0063762362115085125,0,✅ Normal
0,0.33518654,0.01,0.09129663527011872,0,✅ Normal
0,0.019192511,0.0,0.004798127803951502,0,✅ Normal
0,0.30989718,0.02,0.09247429609298706,0,✅ Normal
0,0.18630512,0.01,0.054076280146837234,0,✅ Normal
0,0.036759824,0.0,0.00918995589017868,0,✅ Normal
0,0.025042769,0.0,0.0062606921419501305,0,✅ Normal
0,0.026516438,0.02,0.021629109382629394,0,✅ Normal
0,0.0080919545,0.0,0.0020229886285960674,0,✅ Normal
0,0.07124449,0.0,0.0178111232817173,0,✅ Normal
0,0.11966469,0.0,0.029916172847151756,0,✅ Normal
0,0.0086451955,0.04,0.032161298878490924,0,✅ Normal
0,0.009921035,0.0,0.0024802586995065212,0,✅ Normal
0,0.017966041,0.0,0.004491510335355997,0,✅ Normal
0,0.31589967,0.18,0.2139749175310135,0,⚠️ Low-Risk Anomaly
0,0.048034385,0.0,0.01200859621167183,0,✅ Normal
0,0.026736666,0.0,0.006684166379272938,0,✅ Normal
0,0.023498805,0.0,0.00587470130994916,0,✅ Normal
0,0.10994142,0.0,0.027485355734825134,0,✅ Normal
0,0.06776655,0.0,0.01694163680076599,0,✅ Normal
0,0.08287895,0.0,0.0207197368144989,0,✅ Normal
0,0.02437687,0.0,0.006094217300415039,0,✅ Normal
0,0.010138716,0.0,0.002534678904339671,0,✅ Normal
0,0.007295532,0.0,0.0018238830380141735,0,✅ Normal
0,0.011179286,0.0,0.0027948215138167143,0,✅ Normal
0,0.069228336,0.0,0.017307084053754807,0,✅ Normal
0,0.010367506,0.0,0.002591876545920968,0,✅ Normal
0,0.014395475,0.01,0.01109886884689331,0,✅ Normal
0,0.016701587,0.0,0.004175396636128426,0,✅ Normal
0,0.03602761,0.0,0.009006902575492859,0,✅ Normal
0,0.005968137,0.0,0.001492034294642508,0,✅ Normal
0,0.067527294,0.0,0.016881823539733887,0,✅ Normal
0,0.010191045,0.0,0.0025477611925452948,0,✅ Normal
0,0.017450757,0.0,0.004362689331173897,0,✅ Normal
0,0.043293357,0.0,0.010823339223861694,0,✅ Normal
0,0.21355514,0.0,0.05338878557085991,0,✅ Normal
0,0.010862524,0.0,0.0027156309224665165,0,✅ Normal
0,0.06323755,0.01,0.02330938696861267,0,✅ Normal
0,0.061690215,0.0,0.01542255375534296,0,✅ Normal
0,0.047594335,0.0,0.011898583732545376,0,✅ Normal
0,0.03808538,0.0,0.009521344676613808,0,✅ Normal
0,0.0241167,0.0,0.006029175128787756,0,✅ Normal
0,0.020278582,0.01,0.012569645587354898,0,✅ Normal
0,0.02607514,0.0,0.006518784910440445,0,✅ Normal
0,0.0104310885,0.0,0.0026077721267938614,0,✅ Normal
0,0.30189645,0.01,0.0829741132259369,0,✅ Normal
0,0.0073803645,0.0,0.0018450911156833172,0,✅ Normal
0,0.2955652,0.37,0.35139129698276517,0,⚠️ Low-Risk Anomaly
0,0.009415943,0.0,0.002353985793888569,0,✅ Normal
0,0.007990534,0.02,0.016997633604332804,0,✅ Normal
0,0.012764932,0.0,0.0031912329141050577,0,✅ Normal
0,0.020047244,0.0,0.0050118109211325645,0,✅ Normal
0,0.0076910383,0.0,0.0019227595767006278,0,✅ Normal
0,0.2037232,0.21,0.20843080177903175,0,⚠️ Low-Risk Anomaly
0,0.02254305,0.0,0.005635762587189674,0,✅ Normal
0,0.03207955,0.0,0.00801988784223795,0,✅ Normal
0,0.011839774,0.0,0.0029599436093121767,0,✅ Normal
0,0.022132589,0.0,0.005533147137612104,0,✅ Normal
0,0.024085173,0.0,0.006021293345838785,0,✅ Normal
0,0.05442004,0.0,0.013605009764432907,0,✅ Normal
0,0.15065783,0.01,0.04516445815563202,0,✅ Normal
0,0.020596523,0.0,0.005149130709469318,0,✅ Normal
0,0.01796705,0.0,0.004491762723773718,0,✅ Normal
0,0.021688767,0.0,0.005422191694378853,0,✅ Normal
0,0.016122013,0.0,0.004030503332614899,0,✅ Normal
0,0.042712968,0.0,0.010678241960704327,0,✅ Normal
0,0.012748849,0.0,0.003187212161719799,0,✅ Normal
0,0.017192896,0.0,0.004298224113881588,0,✅ Normal
0,0.008783089,0.0,0.002195772249251604,0,✅ Normal
0,0.016345194,0.02,0.019086298402398824,0,✅ Normal
0,0.03235703,0.0,0.008089257404208183,0,✅ Normal
0,0.033762243,0.0,0.008440560661256313,0,✅ Normal
0,0.11421508,0.0,0.02855377085506916,0,✅ Normal
0,0.0063775154,0.0,0.0015943788457661867,0,✅ Normal
0,0.081460506,0.0,0.020365126430988312,0,✅ Normal
0,0.017633805,0.0,0.00440845126286149,0,✅ Normal
0,0.03747535,0.02,0.0243688378110528,0,✅ Normal
0,0.0064493185,0.0,0.0016123296227306128,0,✅ Normal
0,0.012629021,0.0,0.0031572552397847176,0,✅ Normal
0,0.017631939,0.11,0.08690798467025161,0,✅ Normal
0,0.006915945,0.0,0.0017289862735196948,0,✅ Normal
0,0.014678337,0.0,0.003669584169983864,0,✅ Normal
0,0.010455491,0.0,0.00261387275531888,0,✅ Normal
0,0.010981711,0.0,0.002745427656918764,0,✅ Normal
0,0.023178078,0.17,0.13329451955854893,0,✅ Normal
0,0.01911635,0.0,0.004779087379574776,0,✅ Normal
1,0.5987181,0.7,0.6746795266866683,1,🔶 Medium Risk
0,0.14944649,0.43,0.35986162185668946,0,⚠️ Low-Risk Anomaly
0,0.03834658,0.0,0.009586645290255547,0,✅ Normal
0,0.019914772,0.0,0.004978693090379238,0,✅ Normal
0,0.025223073,0.0,0.00630576815456152,0,✅ Normal
0,0.009210362,0.0,0.00230259052477777,0,✅ Normal
0,0.008832532,0.0,0.0022081329952925444,0,✅ Normal
0,0.018297406,0.0,0.004574351478368044,0,✅ Normal
0,0.28977686,0.03,0.09494421541690826,0,✅ Normal
0,0.0069679385,0.0,0.0017419846262782812,0,✅ Normal
0,0.0066476245,0.0,0.0016619061352685094,0,✅ Normal
1,0.4371394,0.97,0.8367848479747773,1,🔴 High Risk
0,0.016131721,0.13,0.10153293035924435,0,✅ Normal
0,0.02962609,0.0,0.007406522519886494,0,✅ Normal
0,0.013983139,0.0,0.0034957847092300653,0,✅ Normal
0,0.05254853,0.0,0.013137132860720158,0,✅ Normal
0,0.019110687,0.0,0.00477767176926136,0,✅ Normal
0,0.01729485,0.0,0.004323712550103664,0,✅ Normal
0,0.02522073,0.0,0.0063051823526620865,0,✅ Normal
0,0.031229163,0.0,0.007807290647178888,0,✅ Normal
0,0.083266184,0.0,0.02081654593348503,0,✅ Normal
0,0.018682688,0.0,0.004670672118663788,0,✅ Normal
0,0.14072938,0.0,0.035182345658540726,0,✅ Normal
0,0.013161417,0.0,0.003290354274213314,0,✅ Normal
0,0.11081857,0.0,0.027704643085598946,0,✅ Normal
0,0.27475247,0.69,0.586188116967678,1,🔶 Medium Risk
0,0.024842294,0.0,0.006210573483258486,0,✅ Normal
0,0.008753006,0.0,0.0021882515866309404,0,✅ Normal
0,0.013597343,0.0,0.003399335779249668,0,✅ Normal
0,0.028888097,0.0,0.007222024258226156,0,✅ Normal
0,0.034628145,0.01,0.01615703634917736,0,✅ Normal
0,0.033014253,0.0,0.008253563195466995,0,✅ Normal
0,0.08601678,0.0,0.021504195407032967,0,✅ Normal
0,0.23922691,0.03,0.08230672687292098,0,✅ Normal
0,0.008819893,0.0,0.0022049732506275177,0,✅ Normal
0,0.0125257615,0.0,0.0031314403750002384,0,✅ Normal
0,0.038268715,0.22,0.17456717878580094,0,✅ Normal
0,0.011178527,0.0,0.0027946317568421364,0,✅ Normal
0,0.054578833,0.6,0.4636447083204984,1,🔶 Medium Risk
0,0.024347924,0.0,0.006086980924010277,0,✅ Normal
0,0.035181925,0.0,0.00879548117518425,0,✅ Normal
0,0.03065142,0.0,0.007662855088710785,0,✅ Normal
0,0.24507014,0.0,0.061267536133527756,0,✅ Normal
0,0.034621324,0.12,0.09865533109754324,0,✅ Normal
0,0.015311026,0.0,0.003827756503596902,0,✅ Normal
0,0.024411215,0.0,0.0061028036288917065,0,✅ Normal
0,0.007338271,0.04,0.03183456775266677,0,✅ Normal
1,0.76896536,0.87,0.8447413408756256,1,🔴 High Risk
0,0.047021605,0.0,0.011755401268601418,0,✅ Normal
0,0.038311694,0.02,0.024577923454344272,0,✅ Normal
1,0.15202408,0.54,0.4430060188472271,1,🔶 Medium Risk
0,0.014999707,0.0,0.003749926807358861,0,✅ Normal
0,0.13686442,0.0,0.034216105937957764,0,✅ Normal
0,0.014951551,0.0,0.0037378878332674503,0,✅ Normal
0,0.022693003,0.0,0.005673250649124384,0,✅ Normal
0,0.0070051714,0.0,0.0017512928461655974,0,✅ Normal
0,0.016949765,0.0,0.004237441346049309,0,✅ Normal
0,0.025380274,0.0,0.006345068570226431,0,✅ Normal
0,0.0068806424,0.09,0.06922016059514136,0,✅ Normal
0,0.66831464,0.2,0.3170786589384079,0,⚠️ Low-Risk Anomaly
0,0.011636548,0.0,0.002909136936068535,0,✅ Normal
0,0.009296226,0.0,0.002324056578800082,0,✅ Normal
0,0.006965323,0.02,0.01674133072141558,0,✅ Normal
0,0.052126348,0.0,0.01303158700466156,0,✅ Normal
0,0.025221173,0.0,0.006305293180048466,0,✅ Normal
0,0.07119778,0.0,0.017799444496631622,0,✅ Normal
0,0.018588996,0.0,0.004647248890250921,0,✅ Normal
0,0.019910984,0.0,0.004977745935320854,0,✅ Normal
0,0.020335935,0.0,0.005083983764052391,0,✅ Normal
0,0.013886994,0.01,0.010971748437732458,0,✅ Normal
0,0.06628632,0.0,0.01657157950103283,0,✅ Normal
0,0.096887596,0.43,0.3467218989878893,0,⚠️ Low-Risk Anomaly
0,0.042349163,0.01,0.018087290860712528,0,✅ Normal
0,0.3397095,0.02,0.09992737263441086,0,✅ Normal
0,0.013100399,0.0,0.0032750996761024,0,✅ Normal
0,0.0078099603,0.0,0.001952490070834756,0,✅ Normal
0,0.029876078,0.12,0.09746901938691735,0,✅ Normal
0,0.08252097,0.0,0.0206302423030138,0,✅ Normal
0,0.022878965,0.0,0.005719741340726614,0,✅ Normal
0,0.014105945,0.0,0.003526486223563552,0,✅ Normal
0,0.58081263,0.1,0.2202031582593918,0,⚠️ Low-Risk Anomaly
0,0.05729539,0.0,0.014323847368359566,0,✅ Normal
0,0.018114952,0.0,0.004528738092631102,0,✅ Normal
0,0.02815574,0.0,0.007038935087621212,0,✅ Normal
0,0.008022666,0.0,0.002005666494369507,0,✅ Normal
0,0.009770124,0.0,0.002442531054839492,0,✅ Normal
0,0.028848428,0.0,0.007212107069790363,0,✅ Normal
0,0.007272156,0.0,0.0018180389888584614,0,✅ Normal
0,0.042993046,0.0,0.010748261585831642,0,✅ Normal
0,0.03332233,0.0,0.00833058264106512,0,✅ Normal
0,0.020819781,0.0,0.005204945337027311,0,✅ Normal
0,0.022047281,0.0,0.005511820316314697,0,✅ Normal
0,0.0057020183,0.0,0.0014255045680329204,0,✅ Normal
1,0.57023406,0.85,0.7800585150718689,1,🔴 High Risk
0,0.04628342,0.0,0.011570855043828487,0,✅ Normal
0,0.031207604,0.0,0.0078019010834395885,0,✅ Normal
0,0.050565746,0.0,0.01264143642038107,0,✅ Normal
0,0.050131124,0.0,0.01253278087824583,0,✅ Normal
0,0.008265982,0.0,0.002066495595499873,0,✅ Normal
0,0.04458747,0.0,0.011146867647767067,0,✅ Normal
0,0.28459108,0.04,0.10114776968955994,0,✅ Normal
0,0.058292877,0.0,0.014573219232261181,0,✅ Normal
0,0.012825476,0.0,0.003206369001418352,0,✅ Normal
0,0.035800565,0.0,0.00895014125853777,0,✅ Normal
0,0.018233618,0.0,0.004558404441922903,0,✅ Normal
0,0.02505894,0.0,0.006264735013246536,0,✅ Normal
0,0.0064044376,0.0,0.001601109397597611,0,✅ Normal
0,0.022312364,0.0,0.005578090902417898,0,✅ Normal
0,0.025183419,0.0,0.006295854691416025,0,✅ Normal
0,0.010733492,0.0,0.002683372935280204,0,✅ Normal
0,0.015904346,0.0,0.003976086620241404,0,✅ Normal
0,0.030834462,0.0,0.0077086156234145164,0,✅ Normal
0,0.037506364,0.0,0.009376591071486473,0,✅ Normal
0,0.63818705,0.44,0.48954676270484926,1,🔶 Medium Risk
0,0.09968082,0.01,0.032420204654335975,0,✅ Normal
1,0.013918241,0.09,0.0709795601386577,0,✅ Normal
0,0.0225584,0.0,0.0056396001018583775,0,✅ Normal
0,0.012082501,0.0,0.00302062532864511,0,✅ Normal
0,0.012617724,0.0,0.003154431004077196,0,✅ Normal
0,0.41323858,0.06,0.14830964624881743,0,✅ Normal
0,0.015526161,0.0,0.003881540149450302,0,✅ Normal
0,0.0077183037,0.32,0.24192957592662423,0,⚠️ Low-Risk Anomaly
0,0.044027932,0.0,0.011006982997059822,0,✅ Normal
0,0.026174342,0.07,0.05904358556494117,0,✅ Normal
0,0.09945249,0.0,0.024863122031092644,0,✅ Normal
0,0.19024059,0.23,0.22006014794111253,0,⚠️ Low-Risk Anomaly
0,0.016458694,0.0,0.004114673472940922,0,✅ Normal
0,0.008876757,0.0,0.002219189191237092,0,✅ Normal
0,0.011470171,0.0,0.0028675426729023457,0,✅ Normal
0,0.03170613,0.0,0.007926532067358494,0,✅ Normal
0,0.08871225,0.0,0.022178063169121742,0,✅ Normal
0,0.007903567,0.0,0.0019758916459977627,0,✅ Normal
0,0.019054323,0.0,0.004763580858707428,0,✅ Normal
0,0.010248882,0.0,0.0025622204411774874,0,✅ Normal
0,0.13121498,0.0,0.032803744077682495,0,✅ Normal
0,0.03966317,0.0,0.009915792383253574,0,✅ Normal
0,0.011102589,0.0,0.002775647211819887,0,✅ Normal
0,0.014723702,0.0,0.0036809255834668875,0,✅ Normal
0,0.014007618,0.0,0.0035019044298678637,0,✅ Normal
0,0.30399296,0.04,0.10599823921918869,0,✅ Normal
0,0.020698842,0.01,0.012674710415303707,0,✅ Normal
0,0.12416781,0.0,0.031041951850056648,0,✅ Normal
0,0.015690653,0.0,0.003922663163393736,0,✅ Normal
0,0.012057249,0.01,0.010514312358573079,0,✅ Normal
1,0.06492644,0.05,0.0537316095083952,0,✅ Normal
0,0.015999272,0.0,0.003999818116426468,0,✅ Normal
0,0.1047074,0.0,0.026176849380135536,0,✅ Normal
0,0.01175296,0.0,0.0029382400680333376,0,✅ Normal
0,0.009432275,0.0,0.002358068712055683,0,✅ Normal
1,0.022659741,0.05,0.043164935335516935,0,✅ Normal
0,0.21983002,0.07,0.10745750531554223,0,✅ Normal
0,0.1605625,0.0,0.04014062508940697,0,✅ Normal
0,0.0071659223,0.0,0.0017914805794134736,0,✅ Normal
0,0.019536668,0.0,0.004884167108684778,0,✅ Normal
0,0.027997637,0.0,0.006999409291893244,0,✅ Normal
0,0.019589426,0.0,0.004897356498986483,0,✅ Normal
0,0.1345693,0.38,0.3186423255503178,0,⚠️ Low-Risk Anomaly
0,0.024156583,0.0,0.006039145868271589,0,✅ Normal
0,0.026991675,0.0,0.006747918669134378,0,✅ Normal
0,0.08419021,0.0,0.021047553047537804,0,✅ Normal
0,0.12825483,0.0,0.03206370770931244,0,✅ Normal
0,0.047795992,0.13,0.10944899808615446,0,✅ Normal
0,0.012661808,0.0,0.003165452042594552,0,✅ Normal
0,0.02020948,0.0,0.005052370019257069,0,✅ Normal
0,0.021369487,0.0,0.005342371761798859,0,✅ Normal
0,0.009578028,0.0,0.0023945069406181574,0,✅ Normal
0,0.027481304,0.0,0.006870326120406389,0,✅ Normal
0,0.054742806,0.0,0.013685701414942741,0,✅ Normal
0,0.0249676,0.0,0.006241899915039539,0,✅ Normal
0,0.0067604175,0.0,0.0016901043709367514,0,✅ Normal
0,0.11516697,0.0,0.028791742399334908,0,✅ Normal
0,0.013033279,0.0,0.003258319804444909,0,✅ Normal
0,0.1988972,0.02,0.06472429946064949,0,✅ Normal
0,0.036185484,0.0,0.009046371094882488,0,✅ Normal
0,0.010989804,0.0,0.0027474509552121162,0,✅ Normal
0,0.010773992,0.0,0.0026934980414807796,0,✅ Normal
0,0.09373045,0.0,0.023432612419128418,0,✅ Normal
0,0.010330639,0.0,0.002582659712061286,0,✅ Normal
0,0.40060577,0.02,0.11515144199132919,0,✅ Normal
0,0.02453144,0.0,0.006132860202342272,0,✅ Normal
0,0.02327407,0.0,0.005818517412990332,0,✅ Normal
0,0.047187287,0.04,0.04179682184010744,0,✅ Normal
0,0.014621736,0.0,0.0036554338876158,0,✅ Normal
0,0.10755119,0.0,0.026887796819210052,0,✅ Normal
0,0.070113815,0.0,0.017528453841805458,0,✅ Normal
0,0.18033828,0.0,0.04508456960320473,0,✅ Normal
1,0.13522099,0.31,0.2663052473962307,0,⚠️ Low-Risk Anomaly
0,0.010489066,0.0,0.0026222665328532457,0,✅ Normal
0,0.014814533,0.0,0.0037036333233118057,0,✅ Normal
0,0.5083977,0.0,0.1270994246006012,0,✅ Normal
0,0.008956466,0.0,0.0022391164675354958,0,✅ Normal
0,0.006475729,0.0,0.0016189322341233492,0,✅ Normal
0,0.010683079,0.0,0.00267076981253922,0,✅ Normal
0,0.035132464,0.01,0.01628311600536108,0,✅ Normal
0,0.035427835,0.06,0.05385695870965719,0,✅ Normal
0,0.019219233,0.0,0.004804808180779219,0,✅ Normal
0,0.01011888,0.0,0.002529720077291131,0,✅ Normal
0,0.009175057,0.0,0.0022937641479074955,0,✅ Normal
0,0.018231107,0.0,0.004557776730507612,0,✅ Normal
0,0.010600244,0.0,0.00265006092377007,0,✅ Normal
0,0.25374857,0.0,0.06343714147806168,0,✅ Normal
0,0.015160494,0.0,0.003790123388171196,0,✅ Normal
0,0.009944405,0.0,0.0024861013516783714,0,✅ Normal
0,0.071948074,0.0,0.017987018451094627,0,✅ Normal
0,0.036439203,0.04,0.039109800681471824,0,✅ Normal
0,0.024689581,0.0,0.006172395311295986,0,✅ Normal
0,0.3745318,0.11,0.17613295137882234,0,✅ Normal
0,0.034732856,0.0,0.008683213964104652,0,✅ Normal
0,0.01365931,0.0,0.003414827398955822,0,✅ Normal
0,0.09027591,0.05,0.060068978369236,0,✅ Normal
0,0.011264491,0.0,0.0028161227237433195,0,✅ Normal
0,0.024240945,0.0,0.006060236133635044,0,✅ Normal
0,0.026080232,0.0,0.006520058028399944,0,✅ Normal
0,0.043060914,0.0,0.010765228420495987,0,✅ Normal
0,0.009946908,0.0,0.0024867269676178694,0,✅ Normal
0,0.012605948,0.0,0.0031514870934188366,0,✅ Normal
0,0.0137663055,0.03,0.02594157638028264,0,✅ Normal
0,0.025986822,0.0,0.0064967055805027485,0,✅ Normal
0,0.023033513,0.0,0.005758378189057112,0,✅ Normal
0,0.084484674,0.01,0.02862116850912571,0,✅ Normal
0,0.03898419,0.0,0.009746047668159008,0,✅ Normal
0,0.025352288,0.0,0.006338072009384632,0,✅ Normal
0,0.010795062,0.0,0.002698765601962805,0,✅ Normal
0,0.03107261,0.0,0.00776815228164196,0,✅ Normal
0,0.0190852,0.0,0.004771300125867128,0,✅ Normal
0,0.018088182,0.0,0.004522045608609915,0,✅ Normal
0,0.017021023,0.0,0.004255255684256554,0,✅ Normal
0,0.020619819,0.0,0.005154954735189676,0,✅ Normal
0,0.021825029,0.0,0.0054562571458518505,0,✅ Normal
0,0.0071441894,0.0,0.0017860473599284887,0,✅ Normal
0,0.08605681,0.0,0.021514203399419785,0,✅ Normal
0,0.01138509,0.0,0.0028462724294513464,0,✅ Normal
0,0.10122829,0.05,0.06280707232654095,0,✅ Normal
0,0.43210015,0.05,0.14552503675222397,0,✅ Normal
0,0.0349558,0.0,0.00873894989490509,0,✅ Normal
0,0.27321598,0.0,0.06830399483442307,0,✅ Normal
1,0.8203831,0.37,0.4825957679748535,1,🔶 Medium Risk
0,0.1197585,0.0,0.029939625412225723,0,✅ Normal
0,0.0241959,0.01,0.01354897504672408,0,✅ Normal
0,0.027249033,0.0,0.006812258157879114,0,✅ Normal
0,0.010479158,0.0,0.002619789447635412,0,✅ Normal
0,0.009575024,0.0,0.0023937560617923737,0,✅ Normal
0,0.018510552,0.0,0.004627638030797243,0,✅ Normal
0,0.79703987,0.35,0.46175996661186214,1,🔶 Medium Risk
0,0.023973089,0.0,0.005993272177875042,0,✅ Normal
0,0.010926547,0.0,0.0027316368650645018,0,✅ Normal
0,0.0107073365,0.0,0.0026768341194838285,0,✅ Normal
0,0.026713856,0.0,0.006678463891148567,0,✅ Normal
0,0.052447654,0.01,0.020611913576722145,0,✅ Normal
0,0.021437636,0.0,0.005359408911317587,0,✅ Normal
0,0.011964841,0.0,0.002991210203617811,0,✅ Normal
0,0.008701496,0.0,0.0021753739565610886,0,✅ Normal
0,0.012349563,0.0,0.0030873906798660755,0,✅ Normal
0,0.029468345,0.0,0.0073670861311256886,0,✅ Normal
0,0.024614885,0.0,0.006153721362352371,0,✅ Normal
0,0.014735938,0.04,0.03368398451246321,0,✅ Normal
0,0.006624499,0.0,0.0016561247175559402,0,✅ Normal
0,0.05677689,0.0,0.014194222167134285,0,✅ Normal
0,0.03333094,0.0,0.008332734927535057,0,✅ Normal
0,0.033377063,0.0,0.008344265632331371,0,✅ Normal
1,0.70234346,0.81,0.7830858659744263,1,🔴 High Risk
0,0.02267907,0.04,0.03566976750269532,0,✅ Normal
0,0.03374902,0.0,0.008437255397439003,0,✅ Normal
0,0.008919136,0.0,0.0022297839168459177,0,✅ Normal
0,0.100009955,0.0,0.025002488866448402,0,✅ Normal
0,0.019990776,0.0,0.004997693933546543,0,✅ Normal
0,0.021482365,0.0,0.005370591301470995,0,✅ Normal
0,0.1833562,0.02,0.06083904892206192,0,✅ Normal
0,0.11719043,0.0,0.029297607019543648,0,✅ Normal
0,0.009458851,0.0,0.00236471276730299,0,✅ Normal
0,0.006862468,0.0,0.0017156170215457678,0,✅ Normal
0,0.14874244,0.0,0.037185609340667725,0,✅ Normal
0,0.028894287,0.0,0.00722357165068388,0,✅ Normal
0,0.114241585,0.06,0.07356039628386497,0,✅ Normal
0,0.013915191,0.0,0.0034787978511303663,0,✅ Normal
0,0.009611145,0.0,0.0024027861654758453,0,✅ Normal
0,0.013082564,0.02,0.018270640969276428,0,✅ Normal
0,0.05071491,0.01,0.020178727507591247,0,✅ Normal
0,0.018419016,0.02,0.01960475403815508,0,✅ Normal
0,0.09755954,0.0,0.024389885365962982,0,✅ Normal
0,0.072749674,0.01,0.025687418580055237,0,✅ Normal
0,0.0090372935,0.0,0.002259323373436928,0,✅ Normal
0,0.026032027,0.0,0.00650800671428442,0,✅ Normal
0,0.0068964763,0.0,0.0017241190653294325,0,✅ Normal
0,0.09420181,0.0,0.023550452664494514,0,✅ Normal
0,0.025703527,0.0,0.0064258817583322525,0,✅ Normal
0,0.014793531,0.0,0.0036983827594667673,0,✅ Normal
0,0.018836206,0.0,0.004709051456302404,0,✅ Normal
0,0.032347072,0.0,0.008086767978966236,0,✅ Normal
0,0.12472487,0.0,0.03118121810257435,0,✅ Normal
0,0.037570357,0.0,0.009392589330673218,0,✅ Normal
0,0.016445369,0.0,0.004111342132091522,0,✅ Normal
0,0.01272749,0.0,0.003181872423738241,0,✅ Normal
0,0.12194273,0.0,0.03048568218946457,0,✅ Normal
0,0.01720885,0.0,0.004302212502807379,0,✅ Normal
0,0.040203024,0.01,0.01755075592547655,0,✅ Normal
0,0.020288907,0.0,0.005072226747870445,0,✅ Normal
0,0.01087496,0.07,0.05521873991005123,0,✅ Normal
0,0.008419233,0.0,0.0021048083435744047,0,✅ Normal
0,0.018371323,0.0,0.004592830780893564,0,✅ Normal
0,0.015691316,0.0,0.0039228289388120174,0,✅ Normal
0,0.051442098,0.0,0.012860524468123913,0,✅ Normal
0,0.017821841,0.0,0.004455460235476494,0,✅ Normal
1,0.83315444,0.49,0.5757886099815368,1,🔶 Medium Risk
0,0.009527457,0.0,0.0023818642366677523,0,✅ Normal
0,0.030908462,0.0,0.007727115415036678,0,✅ Normal
0,0.08400638,0.0,0.02100159414112568,0,✅ Normal
0,0.08535184,0.0,0.02133795991539955,0,✅ Normal
0,0.02307283,0.0,0.0057682073675096035,0,✅ Normal
0,0.009613388,0.0,0.0024033470544964075,0,✅ Normal
0,0.02551606,0.0,0.006379014812409878,0,✅ Normal
0,0.019406417,0.0,0.004851604346185923,0,✅ Normal
0,0.053795446,0.0,0.013448861427605152,0,✅ Normal
0,0.19714572,0.05,0.08678642883896828,0,✅ Normal
0,0.036691748,0.23,0.18167293690145017,0,✅ Normal
0,0.025092548,0.0,0.00627313693985343,0,✅ Normal
0,0.06616823,0.02,0.03154205657541752,0,✅ Normal
0,0.015412377,0.02,0.018853094298392534,0,✅ Normal
0,0.12763621,0.0,0.03190905228257179,0,✅ Normal
0,0.009606975,0.0,0.002401743782684207,0,✅ Normal
0,0.010780783,0.0,0.0026951958425343037,0,✅ Normal
0,0.010831418,0.0,0.002707854611799121,0,✅ Normal
1,0.22557154,0.68,0.5663928857445717,1,🔶 Medium Risk
0,0.032420605,0.0,0.008105151355266571,0,✅ Normal
0,0.19384637,0.18,0.18346159368753434,0,✅ Normal
0,0.028579107,0.0,0.00714477663859725,0,✅ Normal
0,0.027025132,0.0,0.006756282877177,0,✅ Normal
1,0.6746004,0.76,0.7386501055955887,1,🔴 High Risk
0,0.054172106,0.0,0.013543026521801949,0,✅ Normal
0,0.0073247096,0.0,0.0018311773892492056,0,✅ Normal
0,0.023649272,0.0,0.005912317894399166,0,✅ Normal
0,0.028473698,0.0,0.007118424400687218,0,✅ Normal
0,0.024637425,0.0,0.006159356329590082,0,✅ Normal
0,0.12464114,0.01,0.03866028569638729,0,✅ Normal
0,0.08994778,0.0,0.022486945614218712,0,✅ Normal
0,0.014632836,0.0,0.0036582089960575104,0,✅ Normal
0,0.0220154,0.0,0.005503850057721138,0,✅ Normal
1,0.3884357,0.08,0.15710892289876938,0,✅ Normal
0,0.02854882,0.0,0.007137204986065626,0,✅ Normal
1,0.5239983,0.94,0.8359995800256729,1,🔴 High Risk
0,0.042787965,0.0,0.010696991346776485,0,✅ Normal
0,0.03744149,0.0,0.009360372088849545,0,✅ Normal
0,0.014732159,0.13,0.10118303968571127,0,✅ Normal
0,0.02484843,0.0,0.0062121073715388775,0,✅ Normal
0,0.009136561,0.0,0.0022841403260827065,0,✅ Normal
0,0.07440137,0.0,0.0186003427952528,0,✅ Normal
0,0.016223986,0.0,0.004055996425449848,0,✅ Normal
0,0.037854757,0.0,0.009463689289987087,0,✅ Normal
0,0.026506687,0.0,0.0066266716457903385,0,✅ Normal
0,0.030723007,0.0,0.007680751848965883,0,✅ Normal
0,0.013041662,0.0,0.0032604155130684376,0,✅ Normal
0,0.011319031,0.0,0.0028297577518969774,0,✅ Normal
0,0.0136665115,0.16,0.12341662787832319,0,✅ Normal
0,0.008327319,0.0,0.002081829821690917,0,✅ Normal
0,0.044539403,0.0,0.011134850792586803,0,✅ Normal
0,0.092302814,0.0,0.023075703531503677,0,✅ Normal
0,0.029319033,0.0,0.007329758256673813,0,✅ Normal
0,0.013547765,0.0,0.003386941272765398,0,✅ Normal
0,0.06762124,0.02,0.03190530963242054,0,✅ Normal
0,0.092721865,0.0,0.023180466145277023,0,✅ Normal
0,0.12567836,0.0,0.03141959011554718,0,✅ Normal
1,0.19564648,0.68,0.5589116199314594,1,🔶 Medium Risk
0,0.21077968,0.02,0.06769492045044899,0,✅ Normal
0,0.012713775,0.0,0.0031784437596797943,0,✅ Normal
0,0.012667329,0.0,0.003166832262650132,0,✅ Normal
0,0.16006993,0.01,0.04751748189330101,0,✅ Normal
0,0.02714012,0.0,0.006785030011087656,0,✅ Normal
0,0.018475248,0.0,0.004618811886757612,0,✅ Normal
0,0.016185004,0.0,0.004046251066029072,0,✅ Normal
0,0.009315028,0.0,0.0023287569638341665,0,✅ Normal
0,0.008343425,0.0,0.0020858561620116234,0,✅ Normal
0,0.018627167,0.0,0.004656791687011719,0,✅ Normal
0,0.0377384,0.0,0.009434600360691547,0,✅ Normal
0,0.023637133,0.0,0.005909283179789782,0,✅ Normal
0,0.00687546,0.0,0.0017188650090247393,0,✅ Normal
0,0.015861543,0.0,0.003965385723859072,0,✅ Normal
0,0.04142772,0.0,0.010356930084526539,0,✅ Normal
0,0.019851292,0.0,0.004962822888046503,0,✅ Normal
0,0.088932425,0.01,0.029733106195926666,0,✅ Normal
0,0.014733384,0.0,0.003683346090838313,0,✅ Normal
0,0.011586578,0.0,0.0028966444078832865,0,✅ Normal
0,0.014224498,0.0,0.0035561244003474712,0,✅ Normal
0,0.01743357,0.0,0.004358392674475908,0,✅ Normal
0,0.033442844,0.0,0.008360710926353931,0,✅ Normal
0,0.7565149,0.5,0.5641287267208099,1,🔶 Medium Risk
1,0.025010122,0.14,0.1112525304965675,0,✅ Normal
0,0.0076157055,0.0,0.0019039263715967536,0,✅ Normal
0,0.58115035,0.0,0.14528758823871613,0,✅ Normal
0,0.007472683,0.0,0.0018681708024814725,0,✅ Normal
0,0.023319472,0.0,0.005829867906868458,0,✅ Normal
0,0.030827215,0.0,0.007706803735345602,0,✅ Normal
0,0.013663021,0.0,0.0034157552290707827,0,✅ Normal
0,0.03009706,0.0,0.0075242649763822556,0,✅ Normal
0,0.031033922,0.0,0.007758480496704578,0,✅ Normal
0,0.01849609,0.0,0.004624022636562586,0,✅ Normal
0,0.012605301,0.0,0.003151325276121497,0,✅ Normal
0,0.013494454,0.0,0.0033736135810613632,0,✅ Normal
0,0.0466597,0.02,0.026664925143122672,0,✅ Normal
0,0.028037028,0.0,0.007009257096797228,0,✅ Normal
0,0.39403242,0.63,0.5710081046819687,1,🔶 Medium Risk
0,0.02135664,0.19,0.1478391600959003,0,✅ Normal
0,0.009230404,0.0,0.0023076010402292013,0,✅ Normal
0,0.027518744,0.0,0.006879685912281275,0,✅ Normal
0,0.012986079,0.0,0.0032465197145938873,0,✅ Normal
0,0.009334666,0.0,0.002333666430786252,0,✅ Normal
0,0.012146941,0.0,0.0030367353465408087,0,✅ Normal
0,0.008722394,0.0,0.0021805984433740377,0,✅ Normal
0,0.027403526,0.0,0.00685088150203228,0,✅ Normal
0,0.027748592,0.0,0.0069371480494737625,0,✅ Normal
0,0.011846472,0.0,0.0029616178944706917,0,✅ Normal
0,0.04217467,0.0,0.01054366771131754,0,✅ Normal
0,0.024009148,0.0,0.0060022869147360325,0,✅ Normal
0,0.03309182,0.0,0.008272955194115639,0,✅ Normal
0,0.031639703,0.0,0.007909925654530525,0,✅ Normal
0,0.021304995,0.0,0.0053262487053871155,0,✅ Normal
0,0.027138384,0.41,0.3142845960147679,0,⚠️ Low-Risk Anomaly
0,0.033282142,0.0,0.008320535533130169,0,✅ Normal
0,0.020890301,0.0,0.005222575273364782,0,✅ Normal
0,0.05527085,0.0,0.013817712664604187,0,✅ Normal
0,0.15923855,0.01,0.047309636771678924,0,✅ Normal
1,0.4179905,0.68,0.6144976264238358,1,🔶 Medium Risk
0,0.0176315,0.0,0.004407874774187803,0,✅ Normal
0,0.011287915,0.0,0.002821978647261858,0,✅ Normal
0,0.012883975,0.0,0.0032209937926381826,0,✅ Normal
0,0.008379296,0.0,0.0020948240999132395,0,✅ Normal
0,0.009238244,0.01,0.00980956100858748,0,✅ Normal
0,0.021995205,0.0,0.0054988013580441475,0,✅ Normal
0,0.018205965,0.0,0.004551491234451532,0,✅ Normal
0,0.07197081,0.0,0.01799270324409008,0,✅ Normal
0,0.117892236,0.0,0.029473058879375458,0,✅ Normal
0,0.09555155,0.0,0.023887887597084045,0,✅ Normal
0,0.04448925,0.0,0.011122312396764755,0,✅ Normal
0,0.060461774,0.0,0.015115443617105484,0,✅ Normal
0,0.010758857,0.0,0.0026897143106907606,0,✅ Normal
0,0.0100311,0.0,0.002507775090634823,0,✅ Normal
0,0.028923165,0.0,0.007230791263282299,0,✅ Normal
0,0.025090273,0.0,0.006272568367421627,0,✅ Normal
0,0.04046928,0.0,0.010117320343852043,0,✅ Normal
0,0.0693661,0.27,0.2198415243625641,0,⚠️ Low-Risk Anomaly
1,0.11484832,0.77,0.6062120807915926,1,🔶 Medium Risk
0,0.031307884,0.0,0.007826970890164375,0,✅ Normal
0,0.010891611,0.0,0.002722902689129114,0,✅ Normal
0,0.010161357,0.0,0.0025403392501175404,0,✅ Normal
0,0.0064439923,0.0,0.0016109980642795563,0,✅ Normal
0,0.02506312,0.0,0.006265779957175255,0,✅ Normal
0,0.014169529,0.31,0.23604238227009772,0,⚠️ Low-Risk Anomaly
0,0.40505603,0.28,0.31126400738954546,0,⚠️ Low-Risk Anomaly
0,0.012985101,0.0,0.0032462752424180508,0,✅ Normal
0,0.029896047,0.0,0.007474011741578579,0,✅ Normal
0,0.20563152,0.04,0.08140788108110428,0,✅ Normal
0,0.025611535,0.0,0.006402883678674698,0,✅ Normal
0,0.015744638,0.02,0.018936159424483776,0,✅ Normal
0,0.032167,0.0,0.008041749708354473,0,✅ Normal
0,0.014759771,0.0,0.0036899426486343145,0,✅ Normal
0,0.029058922,0.0,0.007264730520546436,0,✅ Normal
0,0.027148897,0.0,0.00678722420707345,0,✅ Normal
0,0.007961,0.0,0.001990250078961253,0,✅ Normal
0,0.07640896,0.0,0.01910223998129368,0,✅ Normal
0,0.0072032954,0.0,0.0018008238403126597,0,✅ Normal
0,0.014105408,0.22,0.16852635211311282,0,✅ Normal
0,0.03159761,0.01,0.015399402640759945,0,✅ Normal
0,0.029256329,0.0,0.007314082235097885,0,✅ Normal
0,0.02346999,0.0,0.005867497529834509,0,✅ Normal
0,0.027682275,0.0,0.006920568645000458,0,✅ Normal
0,0.0129778115,0.0,0.003244452876970172,0,✅ Normal
0,0.024058085,0.0,0.006014521233737469,0,✅ Normal
0,0.29448548,0.0,0.07362136989831924,0,✅ Normal
0,0.08090855,0.01,0.027727137953042984,0,✅ Normal
0,0.020635433,0.0,0.005158858373761177,0,✅ Normal
0,0.043042585,0.13,0.10826064631342888,0,✅ Normal
0,0.026750283,0.0,0.006687570828944445,0,✅ Normal
0,0.054476462,0.0,0.013619115576148033,0,✅ Normal
0,0.008599166,0.0,0.002149791456758976,0,✅ Normal
0,0.29747772,0.0,0.07436943054199219,0,✅ Normal
0,0.032960434,0.0,0.008240108378231525,0,✅ Normal
0,0.7387618,0.4,0.48469044566154484,1,🔶 Medium Risk
0,0.013089183,0.0,0.0032722956966608763,0,✅ Normal
0,0.043872684,0.0,0.010968171060085297,0,✅ Normal
0,0.00650001,0.01,0.00912500247824937,0,✅ Normal
1,0.016793612,0.0,0.004198403097689152,0,✅ Normal
0,0.2492674,0.0,0.06231684982776642,0,✅ Normal
0,0.014842069,0.0,0.003710517194122076,0,✅ Normal
0,0.05161738,0.0,0.01290434505790472,0,✅ Normal
0,0.1867199,0.05,0.08417997360229493,0,✅ Normal
0,0.01768066,0.0,0.004420164972543716,0,✅ Normal
0,0.010266194,0.0,0.002566548530012369,0,✅ Normal
0,0.054139342,0.0,0.013534835539758205,0,✅ Normal
0,0.010178248,0.0,0.0025445620995014906,0,✅ Normal
0,0.009041762,0.0,0.002260440494865179,0,✅ Normal
0,0.02367855,0.01,0.013419637624174356,0,✅ Normal
0,0.034733776,0.0,0.008683444000780582,0,✅ Normal
0,0.00729679,0.0,0.001824197475798428,0,✅ Normal
0,0.0064886506,0.0,0.0016221626428887248,0,✅ Normal
0,0.021353018,0.0,0.005338254384696484,0,✅ Normal
0,0.019414872,0.0,0.0048537179827690125,0,✅ Normal
0,0.01103408,0.0,0.002758519956842065,0,✅ Normal
0,0.0149038015,0.0,0.0037259503733366728,0,✅ Normal
0,0.0201885,0.0,0.005047124810516834,0,✅ Normal
0,0.008903545,0.0,0.002225886331871152,0,✅ Normal
0,0.027132064,0.0,0.00678301602602005,0,✅ Normal
0,0.4483188,0.01,0.1195797023177147,0,✅ Normal
0,0.022989929,0.0,0.005747482180595398,0,✅ Normal
0,0.01440931,0.0,0.0036023275461047888,0,✅ Normal
0,0.011203269,0.02,0.017800817135721445,0,✅ Normal
0,0.024076534,0.0,0.006019133608788252,0,✅ Normal
0,0.030208098,0.0,0.007552024442702532,0,✅ Normal
0,0.021754788,0.0,0.005438697058707476,0,✅ Normal
0,0.11292397,0.02,0.04323099307715893,0,✅ Normal
0,0.08635255,0.0,0.02158813737332821,0,✅ Normal
0,0.022044607,0.0,0.005511151626706123,0,✅ Normal
0,0.0069288933,0.0,0.0017322233179584146,0,✅ Normal
0,0.041851234,0.0,0.010462808422744274,0,✅ Normal
0,0.036624435,0.02,0.02415610883384943,0,✅ Normal
0,0.022310115,0.0,0.005577528849244118,0,✅ Normal
0,0.23919165,0.0,0.05979791283607483,0,✅ Normal
0,0.016591605,0.0,0.004147901199758053,0,✅ Normal
0,0.084366985,0.01,0.028591746166348457,0,✅ Normal
0,0.043007646,0.0,0.01075191143900156,0,✅ Normal
0,0.011188113,0.0,0.0027970282826572657,0,✅ Normal
0,0.20071091,0.22,0.2151777268946171,0,⚠️ Low-Risk Anomaly
0,0.011247626,0.0,0.0028119063936173916,0,✅ Normal
0,0.032634307,0.0,0.008158576674759388,0,✅ Normal
0,0.021191852,0.0,0.0052979630418121815,0,✅ Normal
0,0.027835159,0.21,0.1644587896578014,0,✅ Normal
0,0.076568484,0.0,0.019142121076583862,0,✅ Normal
0,0.014258277,0.0,0.003564569167792797,0,✅ Normal
0,0.015642967,0.0,0.0039107417687773705,0,✅ Normal
0,0.02681184,0.0,0.006702960003167391,0,✅ Normal
0,0.011055934,0.0,0.0027639835607260466,0,✅ Normal
0,0.029838867,0.0,0.007459716871380806,0,✅ Normal
0,0.09316318,0.0,0.02329079434275627,0,✅ Normal
0,0.01919807,0.0,0.004799517337232828,0,✅ Normal
0,0.03439304,0.0,0.008598259650170803,0,✅ Normal
0,0.012663393,0.12,0.09316584832035005,0,✅ Normal
0,0.013162148,0.0,0.0032905370462685823,0,✅ Normal
0,0.028894793,0.0,0.0072236983105540276,0,✅ Normal
0,0.03637974,0.0,0.009094934910535812,0,✅ Normal
0,0.027514195,0.0,0.006878548767417669,0,✅ Normal
0,0.02858816,0.0,0.007147040218114853,0,✅ Normal
0,0.007627787,0.0,0.0019069467671215534,0,✅ Normal
0,0.40885895,0.01,0.10971473872661591,0,✅ Normal
0,0.015693584,0.0,0.003923396114259958,0,✅ Normal
0,0.016522992,0.0,0.004130748100578785,0,✅ Normal
0,0.03831527,0.11,0.09207881752401591,0,✅ Normal
0,0.3202125,0.43,0.40255312830209733,1,🔶 Medium Risk
0,0.043455508,0.0,0.010863876901566982,0,✅ Normal
0,0.18025176,0.0,0.04506294056773186,0,✅ Normal
0,0.011306071,0.0,0.00282651768065989,0,✅ Normal
0,0.02099255,0.0,0.005248137284070253,0,✅ Normal
0,0.027033625,0.0,0.006758406292647123,0,✅ Normal
0,0.2076885,0.01,0.05942212387919426,0,✅ Normal
0,0.030158134,0.0,0.007539533544331789,0,✅ Normal
0,0.500252,0.01,0.1325630021095276,0,✅ Normal
0,0.060483664,0.0,0.015120916068553925,0,✅ Normal
0,0.094910584,0.02,0.038727646097540855,0,✅ Normal
0,0.074817166,0.01,0.02620429143309593,0,✅ Normal
0,0.030613234,0.0,0.007653308566659689,0,✅ Normal
0,0.044554662,0.0,0.011138665489852428,0,✅ Normal
0,0.066006996,0.0,0.01650174893438816,0,✅ Normal
0,0.027114209,0.0,0.006778552196919918,0,✅ Normal
0,0.024396949,0.08,0.06609923712909221,0,✅ Normal
0,0.040595073,0.0,0.010148768313229084,0,✅ Normal
0,0.044661764,0.0,0.011165441013872623,0,✅ Normal
0,0.08290005,0.0,0.020725011825561523,0,✅ Normal
0,0.040164605,0.04,0.04004115119576454,0,✅ Normal
0,0.030324237,0.0,0.007581059355288744,0,✅ Normal
0,0.05063318,0.0,0.012658295221626759,0,✅ Normal
1,0.90080076,0.9,0.9002001911401749,1,🚨 Critical Alert
0,0.03922905,0.0,0.009807262569665909,0,✅ Normal
0,0.02982764,0.0,0.007456909865140915,0,✅ Normal
0,0.05982395,0.0,0.014955987222492695,0,✅ Normal
0,0.06266356,0.0,0.015665890648961067,0,✅ Normal
0,0.011291263,0.0,0.0028228156734257936,0,✅ Normal
0,0.010447077,0.0,0.002611769363284111,0,✅ Normal
0,0.0124378875,0.0,0.003109471872448921,0,✅ Normal
0,0.011754589,0.0,0.002938647288829088,0,✅ Normal
0,0.04988387,0.0,0.012470967136323452,0,✅ Normal
0,0.05301104,0.0,0.013252760283648968,0,✅ Normal
0,0.020019718,0.0,0.005004929378628731,0,✅ Normal
0,0.029221548,0.0,0.007305386941879988,0,✅ Normal
0,0.010727043,0.07,0.05518176081590355,0,✅ Normal
0,0.027989158,0.0,0.006997289601713419,0,✅ Normal
0,0.007847033,0.0,0.0019617583602666855,0,✅ Normal
0,0.16196695,0.0,0.0404917374253273,0,✅ Normal
0,0.01908007,0.0,0.004770017694681883,0,✅ Normal
0,0.008363459,0.0,0.0020908648148179054,0,✅ Normal
0,0.009368711,0.0,0.002342177787795663,0,✅ Normal
0,0.022415543,0.0,0.005603885743767023,0,✅ Normal
0,0.008270429,0.0,0.0020676073618233204,0,✅ Normal
0,0.0067999177,0.0,0.001699979417026043,0,✅ Normal
0,0.0077411397,0.0,0.0019352849340066314,0,✅ Normal
0,0.04623579,0.0,0.011558947153389454,0,✅ Normal
0,0.009416294,0.0,0.0023540735710412264,0,✅ Normal
0,0.020143177,0.01,0.012535794340074062,0,✅ Normal
0,0.032075725,0.03,0.03051893137395382,0,✅ Normal
0,0.070721045,0.0,0.01768026128411293,0,✅ Normal
1,0.8149834,0.34,0.45874585688114167,1,🔶 Medium Risk
0,0.09660879,0.07,0.07665219694375992,0,✅ Normal
0,0.011655127,0.0,0.002913781674578786,0,✅ Normal
0,0.037573356,0.0,0.009393339045345783,0,✅ Normal
0,0.060114287,0.01,0.0225285717099905,0,✅ Normal
0,0.008243918,0.0,0.0020609796047210693,0,✅ Normal
0,0.031123722,0.0,0.007780930493026972,0,✅ Normal
0,0.010227709,0.02,0.01755692726932466,0,✅ Normal
0,0.2838315,0.0,0.07095787674188614,0,✅ Normal
0,0.115909606,0.0,0.028977401554584503,0,✅ Normal
0,0.017204527,0.0,0.0043011317029595375,0,✅ Normal
0,0.022126114,0.06,0.05053152849897742,0,✅ Normal
0,0.1044999,0.01,0.033624974712729454,0,✅ Normal
0,0.049824137,0.0,0.012456034310162067,0,✅ Normal
0,0.025441943,0.0,0.0063604856841266155,0,✅ Normal
0,0.011294019,0.01,0.010323504852131009,0,✅ Normal
0,0.025647998,0.0,0.006411999464035034,0,✅ Normal
0,0.008655812,0.0,0.0021639529149979353,0,✅ Normal
0,0.0076987795,0.0,0.0019246948650106788,0,✅ Normal
0,0.038486496,0.0,0.009621623903512955,0,✅ Normal
0,0.021846617,0.0,0.005461654160171747,0,✅ Normal
0,0.023069417,0.0,0.005767354276031256,0,✅ Normal
0,0.010978449,0.01,0.010244612284004688,0,✅ Normal
0,0.014990219,0.0,0.0037475547287613153,0,✅ Normal
0,0.010917409,0.0,0.00272935233078897,0,✅ Normal
0,0.10901634,0.0,0.02725408412516117,0,✅ Normal
0,0.057176292,0.0,0.014294072985649109,0,✅ Normal
0,0.014839693,0.0,0.003709923243150115,0,✅ Normal
0,0.019044934,0.0,0.00476123346015811,0,✅ Normal
0,0.01856405,0.0,0.004641012288630009,0,✅ Normal
0,0.012985046,0.0,0.003246261505410075,0,✅ Normal
0,0.0082919,0.0,0.0020729750394821167,0,✅ Normal
0,0.033635695,0.0,0.008408923633396626,0,✅ Normal
0,0.037076592,0.0,0.009269148111343384,0,✅ Normal
0,0.093404196,0.0,0.023351049050688744,0,✅ Normal
0,0.013661642,0.02,0.01841541040688753,0,✅ Normal
0,0.023293009,0.04,0.035823252256959676,0,✅ Normal
0,0.0073284176,0.0,0.0018321044044569135,0,✅ Normal
0,0.014286848,0.06,0.04857171194627881,0,✅ Normal
0,0.028600812,0.0,0.007150202989578247,0,✅ Normal
0,0.0240447,0.0,0.006011174991726875,0,✅ Normal
0,0.01459762,0.0,0.0036494049709290266,0,✅ Normal
0,0.019554492,0.0,0.004888623021543026,0,✅ Normal
0,0.009962948,0.0,0.00249073700979352,0,✅ Normal
0,0.06246491,0.0,0.015616227872669697,0,✅ Normal
0,0.0106160585,0.0,0.0026540146209299564,0,✅ Normal
0,0.010439459,0.0,0.0026098648086190224,0,✅ Normal
0,0.043877672,0.01,0.018469418101012706,0,✅ Normal
0,0.25508443,0.0,0.06377110630273819,0,✅ Normal
0,0.0149600515,0.02,0.01874001287855208,0,✅ Normal
0,0.019558977,0.0,0.004889744333922863,0,✅ Normal
0,0.016497295,0.0,0.004124323837459087,0,✅ Normal
0,0.00885173,0.0,0.0022129325661808252,0,✅ Normal
0,0.016433496,0.0,0.004108374007046223,0,✅ Normal
0,0.12920585,0.0,0.032301463186740875,0,✅ Normal
0,0.04679661,0.0,0.011699152179062366,0,✅ Normal
0,0.0413969,0.01,0.017849225252866745,0,✅ Normal
0,0.011465749,0.0,0.002866437193006277,0,✅ Normal
0,0.011591558,0.0,0.0028978895861655474,0,✅ Normal
0,0.0069283876,0.0,0.0017320968909189105,0,✅ Normal
0,0.0073035285,0.0,0.0018258821219205856,0,✅ Normal
0,0.025265917,0.0,0.006316479295492172,0,✅ Normal
0,0.019589718,0.0,0.00489742960780859,0,✅ Normal
0,0.01351383,0.0,0.0033784573897719383,0,✅ Normal
0,0.10446943,0.02,0.04111735835671425,0,✅ Normal
0,0.011923334,0.0,0.0029808334074914455,0,✅ Normal
0,0.039933667,0.0,0.009983416646718979,0,✅ Normal
0,0.011408752,0.0,0.0028521879576146603,0,✅ Normal
0,0.014186591,0.0,0.0035466477274894714,0,✅ Normal
0,0.17527768,0.0,0.04381942003965378,0,✅ Normal
0,0.02528002,0.0,0.006320004817098379,0,✅ Normal
0,0.036151487,0.18,0.14403787184506656,0,✅ Normal
0,0.05382943,0.0,0.01345735788345337,0,✅ Normal
0,0.005857958,0.0,0.0014644894981756806,0,✅ Normal
0,0.02349681,0.0,0.005874202586710453,0,✅ Normal
0,0.0103883045,0.03,0.025097076119855045,0,✅ Normal
0,0.023154134,0.0,0.005788533482700586,0,✅ Normal
0,0.30482012,0.04,0.10620503008365631,0,✅ Normal
0,0.28388685,0.08,0.13097171247005462,0,✅ Normal
0,0.0232003,0.0,0.005800074897706509,0,✅ Normal
0,0.045687668,0.0,0.011421917006373405,0,✅ Normal
0,0.0115627535,0.01,0.010390688367187977,0,✅ Normal
0,0.91342545,0.6,0.6783563613891601,1,🔶 Medium Risk
0,0.5835038,0.27,0.348375945687294,0,⚠️ Low-Risk Anomaly
0,0.017871272,0.0,0.004467817954719067,0,✅ Normal
0,0.01903784,0.0,0.004759460221976042,0,✅ Normal
0,0.039289687,0.0,0.009822421707212925,0,✅ Normal
0,0.020784322,0.0,0.005196080543100834,0,✅ Normal
1,0.36148977,0.93,0.7878724431991577,1,🔴 High Risk
0,0.0077028414,0.02,0.016925710355862975,0,✅ Normal
0,0.009793185,0.0,0.0024482961744070053,0,✅ Normal
0,0.0070701623,0.0,0.0017675405833870173,0,✅ Normal
1,0.0085179005,0.0,0.0021294751204550266,0,✅ Normal
0,0.019802738,0.0,0.004950684495270252,0,✅ Normal
0,0.007232935,0.0,0.001808233791962266,0,✅ Normal
0,0.007115477,0.0,0.0017788693075999618,0,✅ Normal
0,0.019334294,0.0,0.00483357347548008,0,✅ Normal
0,0.024727566,0.0,0.006181891541928053,0,✅ Normal
0,0.0067851683,0.0,0.0016962920781224966,0,✅ Normal
0,0.0225513,0.0,0.00563782500103116,0,✅ Normal
0,0.016367704,0.0,0.004091925919055939,0,✅ Normal
0,0.04747085,0.0,0.011867712251842022,0,✅ Normal
0,0.033936054,0.0,0.008484013378620148,0,✅ Normal
0,0.056220073,0.01,0.021555018313229084,0,✅ Normal
0,0.010155417,0.0,0.002538854256272316,0,✅ Normal
0,0.021050181,0.02,0.02026254530996084,0,✅ Normal
0,0.0060642413,0.0,0.0015160603215917945,0,✅ Normal
0,0.012396487,0.0,0.0030991218518465757,0,✅ Normal
0,0.030428773,0.01,0.015107193198055029,0,✅ Normal
0,0.04036845,0.01,0.017592112235724926,0,✅ Normal
0,0.27362135,0.0,0.06840533763170242,0,✅ Normal
0,0.3680891,0.0,0.09202227741479874,0,✅ Normal
0,0.013538324,0.0,0.0033845810685306787,0,✅ Normal
0,0.066211924,0.19,0.15905298098921777,0,✅ Normal
0,0.020907572,0.0,0.0052268928848207,0,✅ Normal
0,0.20526409,0.01,0.058816022872924804,0,✅ Normal
0,0.011169201,0.0,0.0027923001907765865,0,✅ Normal
0,0.060375016,0.01,0.022593754045665264,0,✅ Normal
0,0.03019023,0.0,0.007547557353973389,0,✅ Normal
0,0.20221661,0.0,0.05055415257811546,0,✅ Normal
0,0.032393932,0.0,0.008098483085632324,0,✅ Normal
0,0.034574714,0.0,0.00864367838948965,0,✅ Normal
0,0.3456277,0.0,0.08640692383050919,0,✅ Normal
0,0.010368626,0.0,0.00259215640835464,0,✅ Normal
0,0.021322638,0.0,0.005330659449100494,0,✅ Normal
0,0.013686413,0.0,0.003421603236347437,0,✅ Normal
0,0.0065319524,0.01,0.009132988103665411,0,✅ Normal
0,0.03529105,0.0,0.008822762407362461,0,✅ Normal
0,0.018960932,0.0,0.004740233067423105,0,✅ Normal
0,0.022606285,0.0,0.005651571322232485,0,✅ Normal
0,0.10132405,0.0,0.025331012904644012,0,✅ Normal
0,0.04332503,0.0,0.010831257328391075,0,✅ Normal
0,0.014985552,0.0,0.003746388014405966,0,✅ Normal
0,0.012681388,0.0,0.003170347074046731,0,✅ Normal
0,0.0112909805,0.0,0.0028227451257407665,0,✅ Normal
0,0.0232177,0.0,0.0058044251054525375,0,✅ Normal
1,0.018892162,0.17,0.13222304038703442,0,✅ Normal
0,0.06103079,0.01,0.02275769755244255,0,✅ Normal
0,0.13246416,0.0,0.033116038888692856,0,✅ Normal
0,0.035602596,0.0,0.008900648914277554,0,✅ Normal
0,0.09961752,0.0,0.02490437962114811,0,✅ Normal
0,0.05135429,0.01,0.02033857226371765,0,✅ Normal
0,0.022776332,0.0,0.00569408293813467,0,✅ Normal
0,0.026428388,0.0,0.00660709710791707,0,✅ Normal
0,0.20419805,0.0,0.05104951187968254,0,✅ Normal
0,0.014371411,0.0,0.003592852735891938,0,✅ Normal
0,0.06857598,0.0,0.017143994569778442,0,✅ Normal
0,0.053732477,0.02,0.028433119282126426,0,✅ Normal
0,0.026525445,0.0,0.006631361320614815,0,✅ Normal
0,0.008069732,0.0,0.0020174330566078424,0,✅ Normal
0,0.05241947,0.0,0.013104867190122604,0,✅ Normal
0,0.17953083,0.01,0.05238270729780197,0,✅ Normal
0,0.0124927005,0.0,0.0031231751199811697,0,✅ Normal
0,0.06376239,0.14,0.12094059728085996,0,✅ Normal
0,0.008032876,0.0,0.002008219016715884,0,✅ Normal
0,0.1733449,0.01,0.05083622381091118,0,✅ Normal
0,0.04383723,0.0,0.010959307663142681,0,✅ Normal
0,0.041729715,0.0,0.010432428680360317,0,✅ Normal
0,0.012131412,0.03,0.02553285289555788,0,✅ Normal
0,0.00824126,0.0,0.002060315106064081,0,✅ Normal
0,0.010242461,0.0,0.0025606153067201376,0,✅ Normal
0,0.008730891,0.0,0.0021827227901667356,0,✅ Normal
0,0.10844005,0.0,0.027110012248158455,0,✅ Normal
0,0.017620824,0.0,0.004405206069350243,0,✅ Normal
0,0.058787663,0.0,0.01469691563397646,0,✅ Normal
0,0.15016818,0.0,0.03754204511642456,0,✅ Normal
0,0.01598407,0.0,0.003996017388999462,0,✅ Normal
0,0.08244514,0.0,0.02061128430068493,0,✅ Normal
0,0.012549297,0.0,0.0031373242381960154,0,✅ Normal
0,0.09407333,0.0,0.023518333211541176,0,✅ Normal
0,0.024041802,0.0,0.0060104504227638245,0,✅ Normal
0,0.010354588,0.0,0.0025886469520628452,0,✅ Normal
0,0.059663977,0.0,0.014915994368493557,0,✅ Normal
0,0.03396986,0.0,0.008492465130984783,0,✅ Normal
0,0.024774918,0.0,0.00619372958317399,0,✅ Normal
1,0.9197255,0.76,0.7999313694238663,1,🔴 High Risk
0,0.071036026,0.0,0.017759006470441818,0,✅ Normal
0,0.012378077,0.0,0.003094519255682826,0,✅ Normal
0,0.0068239486,0.0,0.0017059871461242437,0,✅ Normal
0,0.010334441,0.01,0.010083610359579324,0,✅ Normal
0,0.033610355,0.11,0.0909025887772441,0,✅ Normal
0,0.04863267,0.0,0.01215816754847765,0,✅ Normal
0,0.14375806,0.0,0.03593951463699341,0,✅ Normal
0,0.037138447,0.0,0.0092846117913723,0,✅ Normal
0,0.0077532697,0.0,0.0019383174367249012,0,✅ Normal
0,0.011011249,0.0,0.002752812346443534,0,✅ Normal
0,0.13692543,0.0,0.03423135727643967,0,✅ Normal
0,0.022470519,0.0,0.005617629736661911,0,✅ Normal
0,0.034951843,0.0,0.008737960830330849,0,✅ Normal
1,0.23028097,0.61,0.5150702413916588,1,🔶 Medium Risk
0,0.007952171,0.0,0.0019880428444594145,0,✅ Normal
0,0.049517628,0.0,0.012379406951367855,0,✅ Normal
0,0.09371625,0.0,0.023429062217473984,0,✅ Normal
0,0.011366546,0.0,0.002841636538505554,0,✅ Normal
0,0.017501462,0.0,0.004375365562736988,0,✅ Normal
0,0.048318963,0.0,0.01207974087446928,0,✅ Normal
0,0.01832618,0.0,0.004581545013934374,0,✅ Normal
0,0.07577731,0.0,0.018944326788187027,0,✅ Normal
0,0.030810015,0.0,0.007702503819018602,0,✅ Normal
0,0.24178933,0.0,0.0604473315179348,0,✅ Normal
0,0.30181003,0.0,0.07545250654220581,0,✅ Normal
0,0.008635479,0.06,0.04715886975638568,0,✅ Normal
0,0.007749287,0.0,0.0019373217364773154,0,✅ Normal
0,0.008055233,0.0,0.002013808349147439,0,✅ Normal
0,0.007330307,0.0,0.0018325767014175653,0,✅ Normal
0,0.02063141,0.0,0.005157852545380592,0,✅ Normal
0,0.018223394,0.0,0.004555848427116871,0,✅ Normal
0,0.3067068,0.01,0.08417669653892518,0,✅ Normal
0,0.49447563,0.2,0.27361890822649004,0,⚠️ Low-Risk Anomaly
0,0.011011913,0.0,0.002752978354692459,0,✅ Normal
0,0.009643721,0.0,0.002410930348560214,0,✅ Normal
0,0.022430366,0.0,0.005607591476291418,0,✅ Normal
0,0.031032257,0.0,0.007758064195513725,0,✅ Normal
0,0.026217388,0.0,0.00655434699729085,0,✅ Normal
0,0.02248001,0.0,0.005620002280920744,0,✅ Normal
0,0.0271492,0.0,0.006787300109863281,0,✅ Normal
0,0.04762173,0.0,0.011905432678759098,0,✅ Normal
0,0.021060195,0.0,0.0052650487050414085,0,✅ Normal
0,0.03098699,0.05,0.04524674769490958,0,✅ Normal
0,0.012236238,0.0,0.003059059614315629,0,✅ Normal
0,0.51461625,0.01,0.13615406274795533,0,✅ Normal
0,0.010593964,0.0,0.002648490946739912,0,✅ Normal
0,0.016704602,0.0,0.004176150541752577,0,✅ Normal
0,0.009519163,0.0,0.002379790646955371,0,✅ Normal
0,0.066225454,0.01,0.02405636355280876,0,✅ Normal
0,0.06953756,0.0,0.01738438941538334,0,✅ Normal
